createtime,creator_qq,creator_name,creator_isVip,dissid,dissname,listennum
2019-11-26,757633910,小飞侠.DAYTOY,0,885993631,肖战的歌 我们的歌,5415859
2020-03-08,1152921504819784901,Happy.,0,6949707670,下班来劲 | 来首电子，抛开烦恼,7608020
2019-05-24,3163854005,韩达达,2,7004110454,韩剧OST女王的催泪神作,1987444
2020-05-24,2374133080,LANNÉ,0,7564229425,小众兼宝藏·冷门又不失格调,1200120
2020-09-27,1847569460,.落差,0,7658655210,你那么温柔，一定很孤单吧,1769620
2020-08-24,2587278206,喵喵君仙998.47亿 次播放,0,7690002111,古风女声控，优美旋律为你而来,1050047
2020-05-16,2779228986,瞎子,0,7229893667,我是怪人听歌也会哭,385805
2020-06-03,467638189,蜜糖男孩,2,7587920319,Tizzy T：快签收你的饶舌男孩,4127189
2020-09-10,1714547601,鹿桉.,0,7711339742,丧感片段｜还没开始就结束了曆,2202103
2019-09-20,3512595187,科兴跳舞机,2,7212954390,车载慢摇，震得你热情像发了疯,2928115
2020-09-12,3427724427,北川同学,0,7708477791,优质片段 | 将所有温柔集于一身,1300326
2019-12-17,2297095896,景随风,7,7342928643,老歌旋律在耳旁，回不去的旧时光,54240187
2020-03-02,1968987427,故事未完待续,2,7382629476,精选 | 好听到单曲循环的热歌,905750806
2018-10-08,1220667525,安多,2,5217738880,《天官赐福》同人：明灯三千为一人,8723188
2020-10-31,3063745183,歌单达人,0,7765118504,圣诞节丨祝你节日快乐，万事遂愿,3833550
2016-11-03,1258496502,青蛙王子泡泡糖。,0,1437721458,让人情不自禁的英文歌,64296713
2019-09-04,1808739114,AmroJie,0,7123372894,欧美:珍藏佳作 唤醒沉睡的耳朵,23196634
2020-08-16,2836337885,ㅤ,0,7673177442, 失落歌单｜她说过不会骗我 ,13205350
2020-10-03,1026917890,静若💞安然,0,7735682764,站内热评: 上头热歌 循环首选,3797022
2020-08-16,1152921505040905258,hiby,0,7678657343,国风 | 素手抚琴，为你弹一曲,2845452
2020-09-12,2452164904,糯米团,0,7712802404,治愈男音:挑战不心动男声,5618099
2020-06-04,1928949981,七喜,0,1136199129,[超然节奏] 无音乐、不游戏！,2157764
2018-01-18,1209430845,DesTiny,2,2356366127,睡个好觉！百首安静纯音助你入眠,9356944
2020-03-27,1376635539,九命相柳,0,7461790879,1000首欧美：满足欲求不满的耳朵,9803835
2017-12-15,1367363703,就是爱音乐,2,1788824062,粤语情怀 | 唱入心扉的动听女声,593463
2017-01-17,431971379,两处相思同淋雪，,2,3517857779,500首轻音收集 ：学渣听了也想考北大,41474159
2020-05-21,2174875328,Kobayashi,2,7567404842,200首校园歌曲：回忆学生的时代,20117141
2020-09-27,3267437170,南岸公园,0,7715821645,猛男也爱唱RAP | 艾福杰尼,75917
2020-04-15,1498030674,星野一,2,7520334743,短视频收藏过百万最热歌曲合集,150126479
2020-11-18,1242576048,　　　　　　　　　,0,7785460928,Hiphop ：想听听Rapstar的心声吗,175309
2017-11-26,3013409005,AHang,0,2391277948,「深度睡眠轻音乐」脑海中盛放的沉寂,10100145
2020-08-31,283319545,清言寡语 ¸,0,7242168276,热歌：何以解忧愁，唯有蹦迪摇头,14936005
2020-11-19,2490598732,望渔楼主（歌单狂妹）,0,7778278548,中文翻唱｜优秀与温柔共存,679613
2020-04-24,361077359,芒果先生,0,7535283994,短视频BGM：精彩片段，无缝衔接,1595644
2020-12-09,467638189,蜜糖男孩,2,7808373086,Pitchfork｜2020最佳专辑Top 50,40778
2020-08-11,1490864273,_尐～爺^,0,5863290029,[燃]感受音乐极限魅力,3092947
2020-06-13,1152921504980059803,L17C,0,7498059409,游戏BGM［建议搭配王者服用］,3399901
2020-08-26,2471800102,蝶栩,0,7692240932,【古韵古风】寻觅中国风,5814307
2020-04-27,565189195,نورالدين,0,7537552719,ANU：越民族，越新潮！,680501
2020-09-22,695636314,玄冬Bw,2,7723138577,国创之光！值得一看的国风动画,313134
2017-07-12,3387801282,后摇侦察兵,2,1469897849,「华语歌钢琴版 」古典与流行的完美邂逅,3522159
2020-09-11,3624609974,暖眸,0,7618560152,「VIP」绿钻专属欧美佳曲欣赏,3131871
2020-09-10,910801164,偏见.,0,7710032313,优质片段 | 入耳即沦陷的宝藏歌,2655157
2020-08-30,2895978176,我有佐助,0,7690336123,『丧系歌单』那缺席的安全感,395985
2016-10-20,945187827,念安娜,2,2931035154,华语｜给你一张过去的CD,91551262
2020-07-20,1006172694,羡之,0,7637214383,【90后回忆】歌词本里的青涩年华,10373583
2020-12-06,1306277207,枕,0,7685396575,“我爱你，可你却伤我入骨”,280131
2020-07-11,499891688,ˊᵒ̴̶̷̤,0,7613169172,英语Rap ｜ 跟着节奏落入Trap,222191
2020-04-22,1498030674,星野一,2,7532670538,一单打尽！Q音热搜榜歌曲持更集,42800781
2020-09-12,3255805880,辰兮 .,0,7687815897,片段 不确定的才会患得患失,19295779
2019-06-28,2827745225,智能算法大师,2,7060355343,轻音乐 | 唯美钢琴流行音乐,2694462
2020-11-17,1522531377,PC12138,0,7784481513,暴露年龄！学生时代MP3里听的歌,8858758
2020-12-08,3072237667,欧皇来了,0,7808176854,NME评：2020年最优秀的50首歌,296837
2020-09-19,1335031853,_,0,7720311890,温柔点吧，这个世界已经够浮躁了,1059077
2019-07-19,1728174826,水谷雫,0,6746013591,【养成之光】刘耀文唱跳歌单收录,382111
2020-12-08,2698225532,世间魁.,0,7807886978,直男斩！秋冬温柔女声推荐,473356
2020-08-26,746503843,♪森❀森♪,0,7691838312,耳机分你一个，想和你开启好心情,12526939
2020-05-08,3299472004,柏亦希,0,7522943324,『Rap』失意悲伤，颓废恋情,303582
2020-06-29,1152921504907337425,无限电LMH🌈,0,7283856320,沙雕丨那些搞笑视频里的bgm合集,459658
2020-05-29,2900403492,ONLY,0,7581343266,情窦初开 | 想要甜甜的恋爱,73867657
2020-08-19,2749983950,任凭寂寞沸腾,0,7683199209,伤感片段丨不过是南柯一梦,13664402
2018-09-14,3239619075,歌单狂魔,2,4580773716,站内弹幕9999+欧美歌曲,150014271
2020-11-29,1371887665,楠羽.,0,7798496732,想开一家早餐店，叫“早点见面”,340062
2017-07-26,352503481,老年人,0,1164657023,轻音乐，钢琴曲，纯音乐,41144855
2020-04-13,2696141375,随缘,0,7084698351,顶尖英文说唱 述说节奏魅力,495389
2020-08-16,3412606188,1.,0,7675764598,欧美流行｜快乐旋律让你沉沦其中,492908
2020-12-11,1152921504689404423,Jackey🤓（互关私）,0,7810389838,想快快长大，才能保护母亲,127937
2020-07-12,3250986093,】Alex【,0,1721400911,欧美梦幻之歌 | 治愈你的云端梦,36367
2018-10-27,1127914446,青梦,0,5375317625,「硬核战歌」无音乐不游戏,59633246
2020-07-01,1446887291,Addictedtomusic,0,7000491330,英文嘻哈｜丧中取乐 享受孤独,720367
2020-11-30,1205237411,圣地亚哥老蝙蝠,0,7798823985,初代到泽塔经典BGM和主题曲,163476
2016-12-19,237370213,可惜没如果,0,1742108428,林俊杰歌单,21712050
2017-02-07,25561202,小Q,0,1452052493,100首精选粤语歌  怀念旧时光,79047101
2020-09-06,2350439365,Blink-Swiftie ,0,7706788408,王牌女团 | 用实力征服你的耳朵,3469870
2020-09-30,2667533186,正在加载中…,0,7727383695,超甜Rap｜♥︎给喜欢的人听♥︎,137305
2020-09-10,910801164,偏见.,0,7710032695,宝藏歌曲 | 星辰闪烁 云朵温柔,6769265
2016-11-24,931905769,陈哲,2,3540484302,学霸必备：专心写作业 享受轻音乐好时光,53902297
2020-04-08,3181838466,沐,0,2683955247,开车听一听 交警后面追,1500363
2018-01-16,1505754053,E.L.M.雷神,0,3658457678,90有你：听不完的那些回忆,34402634
2020-03-30,2235414701,张卿允,2,7499337095,任然：把思念装进漂流瓶,23127444
2020-10-02,823909086, ,0,7733073935,古风｜举杯独醉茫然又一年岁,1517255
2020-07-16,452775188,还不是因为你长得不好看,2,7639593815,华语珍藏：90后KTV必点曲目,4771658
2020-11-13,1959401541,Spinnin,0,7779294041,［电音＋耳机］电子竞技的神器,45006
2020-08-16,963737492,依々晴,0,7657332746,古风戏腔 | 兰花指捻红尘似水,13381689
2017-04-03,348361207,风少,2,2919117025,懒懒散散的爵士，自由散漫的蓝调,631717
2020-04-20,1054837037,书不尽清风,0,7530172964,古风 • 我在等风，也等你,3104097
2020-06-25,3261609492,为安不够好.,0,7613171044,慢调rap | 孤独到了极致便是享受,1381503
2020-06-08,2437571909,,0,7572797161,正义的化身 · 奥特曼申请出战！,422491
2020-08-06,1152921505008899648,不问归期·,0,7666951595,戏腔古风 | 一曲离殇 戏子多愁,1460687
2020-07-30,2788132285,銀河不落星系,0,3748979450,K-POP｜韩流时代即将到来,2518662
2020-11-01,2188766429,是可妮a.,0,7767362229,国语 | 人间美好，日落和你,3185083
2020-09-01,354284502,此号被盗,0,7690031361,EA7车载 | 飙车党的速度与激情,270734
2020-12-01,3423662166,星航T,0,7800210639,奥特曼系列ol：汇聚银河之光,93731
2020-09-16,1924797443,晚乔,0,7591760875,情感│雨好大啊！我们都回不去了,26960212
2019-12-24,1127914446,青梦,0,7261817420,『b站阿婆主』宝藏神曲无限循环,9580906
2017-09-29,1812948313,私に闻いて风i,2,1781021825,每科都考99分！学霸专用的唯美の纯音,57244365
2020-05-04,2374133080,LANNÉ,0,7547485149,韩语 | 韩国各大厂牌顶尖作品,10225164
2020-03-23,864758248,一封情书给自己,0,7487200397,极致踩点丨B站高燃混剪收录单,5942235
2020-07-04,1556178653,八幡,0,7608075165,『电竞』带上耳机，个个都是传奇,12413451
2020-10-06,1443329766,Arminius.,0,7739955818,蓝心羽｜如玫瑰般优雅高贵的嗓音,341231
2020-08-02,1309974854,　,0,7322622901,欧美女声 | 开口惊艳 入耳沦陷,10924328
2020-05-23,2040793374,璃想呐,0,2075995542,忽然想起我们还没有好好道别,9370395
2020-08-11,1350916312,仙儿,0,7673938741,国语 | 女孩子嘛就要听甜甜的歌,5013207
2020-09-09,1152921504681001855,必胜🤟,0,7708875728,时光留声机：90后都在慢慢老去,875507
2020-09-29,929284,温柔的神明,0,7731188543,【游戏专属】闪开我要拿五杀,1237798
2020-04-06,1022543731,热文案,2,7510686711,夜独 · 四下无人时我也会崩溃,14317603
2020-10-24,2042202855,凌晨三点半,0,7758895754,热歌集丨落日余晖，待你而归♡,6312910
2020-07-01,1522729603,卋罖,0,7049802192,睡前音乐｜那些温柔翻唱的歌曲,2923022
2017-12-07,478695379,DJ顾念晨,3,3584864556,刺激不！老板上班都要偷偷听的百首热歌,17966407
2020-11-15,3111491292,沐雨,0,7705310639,上单必备BGM:我于绝境逆风而生！,231697
2019-06-25,2827745225,智能算法大师,2,7060352909,社会摇 | 摇头晃脑，我是王者,2702104
2020-03-23,2660746954,乔冷,0,7485788455,粤语丨忘掉烦恼往事皆随风,6812432
2019-05-06,977423823,幼杀大队长.,0,1551071404,流行 | 近年来火爆全网的歌曲,93183943
2017-08-10,3498192741,画船听雨眠～,2,1169458772,「欧美清新小调」吹进耳朵里的清风,4277649
2020-12-09,2979842415,桃Tao音乐志,2,7808532987,Billboard编辑评出今年50大单曲,80852
2020-07-16,1826760032,Moriiecho,0,7640194255,霉粉收藏！霉霉顶流播放songs！,780560
2020-03-13,1498030674,星野一,2,7471755205,助眠纯音 · 香甜梦境催化剂,832329
2020-08-15,312590452,石上优いしがみ ゆう,0,7679032670,疯狂踩点 l 嚣张步伐的练成方式,600825
2020-09-23,1522531377,PC12138,0,7713973940,赌一包辣条，95后肯定听过这些歌,1181925
2020-11-01,3427724427,北川同学,0,7767162979,催泪100% | 试图截图留住一切,4397141
2020-11-27,1152921505046073227,Jose.chen,0,7794926900,当年“血洗”qq空间的背景音乐,88537
2017-08-10,3050361411,古耐moon,2,1169467842,「古装影视曲」勾起你的怀旧情愫,8079896
2020-08-12,1152921504949336113,☁️火星预报员☁️,0,7651874828,温柔片段：我在人间贩卖日落。,1344674
2020-11-03,1242012453,自渡·,0,7769012058,小阿枫 | 翻唱也不失歌曲精髓,6127570
2020-10-07,814291832,念惜,0,7741493723,古风｜红尘千丈，诉不尽繁花似锦,1624712
2020-04-20,749914525,Randolph,0,7478371305,超燃纯音 | 史诗级Battle,543522
2019-08-23,2103461797,随꙰你꙰所꙰喜꙰°,2,7136488611,「甜系情歌」融化你的少女心,7615912
2020-04-10,1371887665,楠羽.,0,7516321215,钢琴与流行乐的唯美邂逅『持更』,17996278
2020-09-09,1152921504681001855,必胜🤟,0,7709787690,90后怀旧|那些年我们曾唱过的歌,8647871
2017-01-16,120167780,xxxx.,0,850489245,易烊千玺单曲,9235889
2020-10-01,746503843,♪森❀森♪,0,7691851600,【宝藏男音】 捕获你的小心脏 ♡,1661051
2020-03-24,951337808,Future,0,7488993038,专注力百分百学习歌单 | 纯音乐版,3308543
2020-03-03,3138960748,Lemon.,0,7454774035,Trap rap : 慵懒气泡男嗓,2664197
2018-01-08,1079096147,超级珊,2,3634945575,致前任：你以为我不会走，我以为你会留,111669022
2017-12-18,1367363703,就是爱音乐,2,3604761333,入坑必听 | 古风一曲解千愁,11725309
2020-07-10,2896444587,温柔,0,7633043823,「古风」一曲一场叹，一生为一人,38182704
2020-08-30,1966651916,爱听音乐♥秦小言支持国产动画↑,0,4235925035,《超然的BGM》游戏素材专用,5139170
2020-03-02,864758248,一封情书给自己,0,7451573651,注入灵魂丨B站大佬们的宝藏歌曲,3712253
2019-10-14,2720774621,Flipped,2,7254963443,『水逆退散』您的好运正在配送中,1440805
2020-10-03,892608619,Boom,0,7736982127,魔鬼低音rapper的情歌合集,173585
2020-09-22,1152921504949453792,刃,0,7723989462,轻音乐 | 随着音乐旋律缓缓睡去,275653
2020-10-20,1152921504687801696,🐻熊小歪是涛涛🍑的.🧨,0,7754460785,李飘飘合集 | 可爱系暖心男友音,482962
2020-02-27,2235414701,张卿允,2,7447666481,小众英文｜世间所有温柔涌向你,5119857
2020-02-21,1950666740,★、╰︶,2,7428961315,百首流行 · 00后麦霸速成宝典,57726078
2020-08-07,1878617607,✘✘,0,7236259943,欧美Rap | 炸街必备，走路带风,322463
2020-10-25,3209593870,廾匸,0,7759892956,能让人成熟的，不是年龄而是经历,2132254
2020-11-03,3429084452,自由摇摆节奏,0,7715823716,指尖温柔：岸部真明精选集,61805
2020-04-30,2374133080,LANNÉ,0,5142656683,EA7  俄式硬曲 | 车载低音 稳住油门,6464851
2019-12-24,1127914446,青梦,0,7267095757,「粤语热歌」港风新韵单曲循环,11488197
2019-09-17,3446073512,酸柠檬好好恰,2,7199061409,中国新说唱 | 这些现场都很炸！,829929
2020-10-24,2446523656,幻菱,0,7758029803,【催眠助眠】舒缓轻音乐伴你入睡,4883086
2017-03-19,1220667525,安多,2,2357765928,值得收藏的100首古风： 赠君一场千年梦,70313912
2020-03-25,2816821559,南穹羽玄,0,5922914682,节奏控：跟随踩点，秀大神操作,3471536
2020-09-13,2987408894,要做一颗星星✨,0,7714254773,小确丧｜一个人听完心碎了,11621242
2019-06-27,2958026496,个性化特供,0,7060354092,再喝一杯烈酒，然后忘了那女孩,560135
2020-05-17,898981922,旅途,0,7567649112,古风精选丨待花开之时再醉一回,13305673
2020-11-14,1924797443,晚乔,0,7728190368,能遇见你，是银河慷慨赠予我糖～,82915
2018-02-12,2797356293,河清净,0,1767321860,〖爆燃BGM〗引领队友走向胜利,12988543
2020-02-25,1498030674,星野一,2,7444822840,舒缓轻音 · 深夜入睡宝典,9047643
2020-08-25,3174948857,留恋夕阳与她,0,7691155409,高甜预警 | 你的奶瓶盖我承包了 ,206295
2018-04-07,1747907171,鹿仁,2,3811422464,静思音乐 | 清心凝神的日式纯音,21303841
2019-07-07,1924013694,颜词,2,7081701069,沉浸字符间：学习专用纯音,17766417
2020-08-19,2722411508,说唱专区官方账号,0,7683803627,Rich Brian | 宝藏说唱男孩,1306181
2018-06-15,2174875328,Kobayashi,2,4163453012,静心时刻：学习专用纯音,10969459
2020-10-13,2635732555,神仙妹妹.,0,7747870306,说唱｜甜度爆表的旋律说唱,149915
2020-07-07,2446523656,幻菱,0,7401064131,【沉迷学习】轻音乐的舒缓享受,11176582
2020-08-19,1131072037,许奕辰,0,7683698159,古风圈的那些入坑神曲，了解一下,2276997
2020-07-31,2747980541,♡,0,3749804459,丧: 你的声音是治愈我的最好频率,3343673
2017-09-30,374763385,书童,2,2342784507,绝对典藏！400首欧美动感热曲全收录,116743253
2019-10-12,2686694837,再来一杯浓茶,2,7228611133,《蒙面唱将猜猜猜》Live精选辑,2276146
2020-11-11,2248456253,Sy.雨轩,0,7776890034,一人成名曲：记忆深处动听的旋律,1341050
2018-10-24,3308359265,古风圈里没有我,2,5275391892,失眠疗养所 : 300首催眠纯音,49857179
2016-10-20,1798583988,喜欢i,1,3147048266,让人释然的轻音乐（久石让）,8583757
2017-09-28,1185847270,汤圆儿,2,885955294,舒缓旋律，看书听歌两不误,1234848
2020-06-01,1542897217,音为有你,0,7540641459,超燃欧美Music 提升肾上腺素,16485159
2020-01-14,3077344505,精彩华辉,0,7271994513,催泪系列 | 失恋时建议不要去听,24810451
2019-09-24,3269668970,绪井奈奈未,2,7224170219,米津玄师 | 孤独天才的万丈温柔,6301858
2020-10-27,508312226,颜瑟.,0,7760717202,伤感片段：你是我贪恋的人间烟火,1690208
2020-07-01,1950666740,★、╰︶,2,7601045106,米津玄师 · 孤独里的寂寞烟火,2703985
2020-10-03,3244149336,鹤辞。,0,7737233393,“天晴了，而你还会回来吗”,1863957
2020-10-15,166191624,经典小当家,0,7746554330,旧时遗忘的过去，能否再次找回？,550112
2019-06-25,2982854755,算法火星哥,2,7060356689,蒙面唱将猜猜猜 | LIVE版精选辑,2904812
2020-08-11,1152921505008368046,顾辞.,0,7617467932,歌单：也许这就是爱情吧,5683693
2019-12-24,1186085891,要成为歌单王的男人,0,7347300964,肖战 | 一笑悬命的少年,7327666
2020-08-13,2030402442,Oblivion.¹³¹⁴,0,7675468697,超燃舞曲┃ 听说你想嗨到火星？,744308
2020-04-28,1412551943,收集星星“🌟”,0,7327965236,甜系女生：星河不及你的可爱,904995
2018-11-12,349915071,梅内斯,2,5137719959,苦涩Rap | 伤心的时候不要听 !,9905770
2016-10-20,449218160,933。,2,813783126,听了这些歌爱上了民谣,56975640
2017-07-26,2043898887,叮铃铃,2,2968770765,「欧美」节奏控首选，耐听神曲,18890205
2020-10-02,1152921505036041771,玖九9丶,0,7734050019,怀旧韩系 | 重温那些年的时代潮流,134478
2018-07-02,294109499,冷山集,0,4144081013,Trap Rap丨慵懒毒性的迷幻说唱,2993026
2020-05-20,2838048352,欲落,0,7570155999,超好听的中国风，都适合单曲循环,20975976
2020-05-29,452775188,还不是因为你长得不好看,2,7580864284,BLACKPINK出道四周年快乐！,9881402
2017-08-10,3554431134,微笑似年华,2,2067204248,一听就想运动，跟着节奏挥汗,3954756
2020-08-03,1152921504872162361,长街孤酒,0,7520963094,一曲惊鸿梦.古风醉人间,3784041
2020-08-05,3235957840,听,0,7664975759,温柔男音：是人间烟火亦是宝藏,1210936
2018-02-28,1262773020,𓅯存在𓆡,0,658033106,你已不在身边，我却彻夜想念,2255421
2020-03-11,3422928760,刚上完网课,0,7461724996,纯音 │ 放空心灵，回归自然之感,379778
2020-10-06,2378187899,识趣.,0,6871787164,[电竞] 打野 射手必须听的战歌,4108183
2020-04-15,1725067421,林夕,2,7514171023,古风女嗓 | 怎敌你眉间一朱砂,4113978
2017-05-22,728180304,安逸风丶昂小白ゞ,2,2054255153,100首Spotify排行榜推荐欧美歌曲,22437815
2020-09-12,497697572,柠檬少年,0,7713821833,枪声版丨吃鸡神器，音乐带你刚,202974
2020-10-13,406453542,小妖的破皇冠,0,7710773647,国语 | 听着歌 远离喧嚣和寂寞,3910947
2020-10-08,2747980541,♡,0,7742719665,片段：难不难过都是自己过.,771931
2020-02-28,3471611867,蜜桃果酱,0,7447798892,没什么事做，满脑子都是你,796966
2017-12-04,1812948313,私に闻いて风i,2,1789636404,站内评论999+超热日语精选,54307703
2017-07-27,2563666097,醉心琳琅,2,2970622459,300首欧美乐坛典藏精品：首首火遍全球,99247183
2020-06-18,1446887291,Addictedtomusic,0,7605521080,国语｜有些人 一转身就成了永远,13286340
2020-10-30,3429084452,自由摇摆节奏,0,7715823988,玉置浩二：“殿堂级”情歌天王,82988
2017-01-31,1165584850,Eyes,2,850420414,［超好听英语系强势来袭］绝不辜负耳朵,27702073
2020-04-26,994067892,醉挽清风＆,0,7466539716,古韵：唯愿诗意满人间,13318391
2020-09-18,2812190571,Cc,0,7457577258,片段 | 忙碌的生活也是一种乐趣,308024
2019-01-30,2630637570,绯离,0,6555496668,做我的猫 | 乖一点就抱你,3346306
2020-09-20,1152921504878700015,记得吃曜.,0,6878296713,霸气外漏 | 超拽背景音乐,111438
2020-03-09,2822129197,栖时,2,7264427386,待雪下时叙酣宴，请君饮杯霁夜茶,49822
2020-08-31,1752319892,仙晚,0,7693153852,轻柔小众 | 愿你遇见所有的甜,194033
2020-07-18,1587895789,🍃不朽ゞ,0,7642695693,【古风】人间恰似你的温柔,1326632
2019-09-30,1534433626,温柔,2,6255377857,吃鸡战歌 : 音乐响起 落地成王,7713597
2017-09-01,3050275225,温酒伴月落,2,2380029102,YouTube最快达到9亿点击量歌曲TOP 50,3573613
2020-07-31,1924768924,独醉,0,7658004977,『中文丧系歌曲』放飞心情吧！,3659
2020-04-25,739620118,安与.,0,7537817618,古风清灵女声 l 故人泪,8910891
2020-08-09,1152921504842294771,走心了吗,0,7670780780,『欧美』沁入人心的安静旋律,2109791
2020-03-10,2282114278,请君为我倾耳听,0,7467921385,精选免费下载的国风好歌,10732696
2020-09-28,2933328894,梦追,0,7717078709,劲爆 | 疲乏无感，嗨曲调调赶走,1322407
2017-10-16,406893292,∮星￠草∮,0,1480298267,JOJO的奇妙冒险OPED合集（新增五部OPED2）,7803343
2020-09-25,1562596275,风筝从云里来,0,7726401548,粤语经典丨时光沉淀的旋律,7124540
2019-11-09,3451226023,斤,0,4240872267,「王者战歌」上分必备的超燃电音,16652619
2020-08-18,1825869086,麻辣烫不要麻不要辣,0,7682122587,白小白：不念过往，不问归期,2509817
2020-07-10,1810637814,颜。,0,7633087213,【伤感歌单】听着听着就哭了,4935978
2020-05-21,498877906,狗贼,0,7572021700,站内收藏999+的两百首古风集,11988563
2017-08-10,2845491591,一点绿,2,1169467887,「80后记忆」那些年少时光的华语经典,66005538
2020-08-06,3054828396,ㅤ,0,7666338940,粤语经典：一起走过的友情岁月,10249130
2017-01-02,745468154,CAI,1,1971999922,睡前舒心纯音乐哄君入眠,24735254
2020-03-19,2241889895,周森,0,7482171878,DJ舞曲 · 就问你上头不上头,9677775
2020-07-20,1152921504793276628,越夜粤冷,0,7644627036,90后粤语：越成长越懂歌词,2704403
2016-10-20,449218160,933。,2,771161642,100首经典粤语 回不去的青春,81544706
2018-03-22,1214673117,小攀哟,2,3790000614,欧美精选：动感节奏，治瘾旋律,26777622
2020-03-10,2366812118,幸福的小麻花,2,7467921346,最懂你的心：免费下载这些情歌,17573823
2020-02-06,2394516058,𝓐𝓾𝓻𝓸𝓻𝓪🌌,0,7414316444,『极致欧美神曲』为生活注入色彩,2280061
2020-03-08,2060774762,考官001,0,6960007429,『原耽』晋江同人猫耳FM广播剧,1229121
2020-09-12,847303805,北星.,0,7713265613,人气爆棚 | 入耳即沦陷的温柔音,1922294
2020-07-12,2779690389,暮岁十三,0,7635706958,等君归兮 | 等什么君的神仙嗓音,17501680
2020-08-19,2937505134,准点星辰.,0,7456827936,古风院：恰似惊鸿落人间.,2684844
2020-11-14,3510023506,仄言．,0,7780457991,伤感翻唱：只是一厢情愿罢了,448538
2020-06-08,1540287390,大众流行带你飞,0,7593039384,海来阿木：999+评论里都是故事,8206559
2020-07-05,972508083,看好你的电动车,0,4216387623,华语流行音乐8090KTV必点金曲,7405331
2020-10-15,2235903855,Monotone,0,7749234780,伤感片段｜失去笑意成为一人,1207472
2020-09-03,2792808460,诗萱,0,7703132678,甜到爆表：专属你的小甜心,6328291
2020-10-03,3427724427,北川同学,0,7731828332,伤感 | 比悲伤更悲伤的是空欢喜,11341171
2020-04-20,3521089778,墨九,0,7528887735,DJ宣泄向 | 忘掉所有不愉快,8964384
2020-05-11,1152921504753650915,like...,0,7534277656,KTV热门点播，看谁是麦霸,5018311
2020-11-07,1522531377,PC12138,0,7774205706,典藏经典丨一人一首华语金曲大赏,816837
2020-09-26,3371088289,ㅤ✎﹏ζั͡ޓއއއ๓᭄ꦿㅤ,0,7727168567,致失恋｜想起你时还总是会流泪,7816749
2020-08-04,2303204713,蓝莓 Cake,0,7663976060,华语伤感：我们真的回不去从前了,1736286
2020-02-19,1743959209,李呀,0,7434763564,华语怀旧 | 那些我们怀念的岁月,33404926
2020-10-13,3427724427,北川同学,0,7746458142,华语伤感 | 回忆回不去的记忆,2424723
2016-12-13,945187827,念安娜,2,2940304754,王菲：千言万语，不如幻乐一场,12237592
2020-10-09,1249522308,梵高先生,0,7743630978,经典粤语｜追逐时代里的浪潮,2635301
2020-05-10,1873182795,尔听°,0,7558452068,伤感歌单｜好想能够暂时忘记,16868518
2019-10-27,848155951,下次一定,0,6944750120,节奏控 丨 俘获你耳朵的英文歌,17686728
2020-07-19,201864118,芋泥啵啵奶茶,0,7643583752,神仙日语歌｜超治愈，猛女必备,2129251
2020-01-19,2399077390,恋恋风声,0,7380162076,海来阿木 | 一定要为自己写首歌,6407071
2018-08-13,1961769567,墨香,2,2972980860,粤语老歌 │ 重拾港味金曲,11010228
2017-08-10,3440241624,青栀,2,2067204084,「经典」回忆港澳电影粤语原声集,19706446
2020-04-02,2749180238,违规女孩,0,7503734031,周深 | 温柔嗓音，清澈空灵,14862276
2019-12-11,2891427638,远方的琪琪,0,7334544754,遇见韩宝仪后，回忆都是粉红色,621609
2019-12-17,2685406571,综艺live王,0,7337211895,精选live ｜ 请收下这个毛不易,11133750
2017-08-10,1932639570,青春for young,2,874673790,「经典粤语」渐渐被遗忘的金曲,26859343
2020-08-27,584223742,白色大衣,0,7694635551,华语歌迷必备——李宗盛Top20,6070107
2017-02-24,1245280330,花痞,2,857253164,200首华语金曲，你一定在KTV点过这些歌,504486198
2017-01-17,2959134137,柳云歌,2,2945273090,回味经典！品尝岁月里的美酒,14119601
2020-09-18,3364217504,太郎.,0,7719472632,喜欢的歌静静听，喜欢的人静静看,2238642
2018-01-29,498877906,狗贼,0,2661465923,赵雷 · 你的民谣我的生活,2820014
2018-05-01,1433218437,猫九,0,2962708139,王者荣耀 | 峡谷乱杀必备BGM,7867807
2020-06-08,452775188,还不是因为你长得不好看,2,7593461012,《斗罗大陆》原声合集,2582211
2020-08-11,1152921504800972376,婉羽.,0,7627176238,"电竞｜超燃BGM,站在巅峰之颠",752094
2020-08-17,2162294687,清樱°,0,7681560478,【伤感片段】我曾几度的眼眶泛红,5221831
2020-07-26,1152921504842294771,走心了吗,0,7652168005,『戏腔』红妆已淡，戏涯已了,7047455
2020-02-27,3269668970,绪井奈奈未,2,7447915112,第34届日本金唱片大赏,241558
2019-11-08,259249381,叶洛洛,7,7289611354,快手老铁们都在听什么？,11410442
2020-06-10,3054828396,ㅤ,0,7233029979,粤语流行・90后的独家记忆,13775731
2020-10-30,3244932711,将离,0,7574442026,伤感丨偶尔需要 从未重要,1327428
2020-06-23,1152921505006098974,上善若水,0,7611863737,古风 | 星辰坠落大海不及你,16103493
2020-02-12,807250000,ʚ百事可爱ɞ,0,7418320825,有一种悲伤：笑着与你分开,19277862
2020-09-02,3405305245,曹操,0,7701477881,伤感片段:每次夜晚还是会想起她,3092013
2020-06-14,497697572,柠檬少年,0,7567257350,车载必备丨动感燃曲，精神无忧,30275168
2019-06-04,1653099231,不白,2,4246958569,【入耳沉醉】 猝不及防的心动,56444556
2018-03-19,1214673117,小攀哟,2,3787670938,评论999+的欧美歌曲（持续更新）,87421207
2020-09-03,458991666,飞行棋的猫mor,0,7703735540,伤感之季：终究成为熟悉的陌生人,1340499
2020-08-03,2020398259,niceee,0,7662200751,欧美｜致幻女嗓·致瘾电子,3123530
2019-09-10,2641188037,冲向KTV,0,7174020819,情怀老歌 | 陪伴你青春的人还在吗,9592169
2020-02-17,1083284863,北鹤,2,7407371797,人气爆棚！直播时爱听的热歌,24629136
2017-07-12,3050714894,风信子,2,2065383446,一首歌，让你重回港乐黄金年代,34139249
2019-09-12,2298105529,我又可以了,2,7199052129,流行经典 | 致80后的青春岁月,16747419
2018-04-01,3239619075,歌单狂魔,2,3806287274,你听得到 —— 周杰伦,160607513
2020-06-07,3380158609,Null,0,7591719847,粤语经典 ：哪首曾让你心动过？,6730255
2016-12-16,872386391,Rio,2,1141575907,[Vae]孤独时请享受来自许嵩的完美声线,23105735
2020-10-05,1659619968,♡.†ฅr̶ 盈涵丽雪,0,7738713759,【陈瑞】疗伤歌后的倾情演绎,793297
2020-10-02,1346006378,/ 砕城瑣倳 /,0,7734673983,绝致电子｜戴上耳机开启幻世模式,1336038
2017-05-23,244860443,Kiss Me,2,1762735983,游戏BGM: 辉煌时刻，带着激情去战斗！,10964412
2020-04-12,1756632996,挽歌.,0,7096345827,伤感 | 有人惊醒凌晨,4555787
2020-05-25,410284087,krystal,0,7576814962,华语精选 | 那些年我们最爱的歌,40685558
2018-04-10,1214673117,小攀哟,2,3822846160,「忘原唱系列」惊艳耳际，一秒倾心,63270906
2020-08-23,976006064,whosethatcat,0,7688758609,华语00-05｜穿越回校园时光,9197889
2017-07-12,3450463686,我的世界,2,2669638628,感激遇到你，不可错过的粤语歌,15071502
2019-04-21,1757456989,Someone,2,6946005790,王者荣耀 | carry全场首选BGM,135866898
2020-09-20,1152921505036041771,玖九9丶,0,7719937962,【精选50首老歌】岁月留声忆往昔,2156757
2020-03-25,467578052,咸鱼大饼干,2,7490861394,热歌车载DJ：出行路上一键解乏,81406773
2020-06-27,354284502,此号被盗,0,7616560475,中文嗨曲：跟着音乐的节奏摇起来,40609505
2020-09-17,1666326482,薄许烟一缕.,0,7712581538,超燃电音：享受节奏的冲击吧！,1286553
2020-10-04,3427724427,北川同学,0,7736297511,伤感华语 | 对于你我只抱遗憾,2861099
2020-09-11,995702579,星空,0,7710999871,[孙露] 伤感情歌的诉说者,3469286
2020-09-09,507265898,我才不是小坨,0,7709931707,华语女声：穿透灵魂的动人嗓音,4032726
2020-08-23,2747980541,♡,0,7683607910,温柔rap: 似你在耳边喃喃低语,936147
2017-07-07,1152921504715016798,Hy.,0,3268977825,欧美经典流行歌,4173942
2015-06-01,417476359,小狐狸。,2,3463209980,跑步必备 运动节奏,15889175
2017-07-12,3399378944,晴朗天空,2,2065383091,「华语」总有那么一首情歌，让你流泪,18065429
2020-01-31,2024699515,无人之岛,0,2285348862,DJ舞曲专场～网红歌曲Dj专场,51315449
2020-11-15,775916156,安好,0,7780915888,80情怀：一次的倾心，一生的回忆,1497580
2020-04-03,2991257536,息を止めないでください,0,7506935543,·【极丧】细节中崩溃_,1332166
2020-02-19,3138960748,Lemon.,0,4379305352,华语男声：道不完的思念和遗憾,17158325
2017-08-10,3533352426,少年放肆的梦,2,2671455190,「华语经典」光阴的故事,41451464
2020-05-04,2979842415,桃Tao音乐志,2,7550239884,BLACKPINK粉墨热门合集,9011322
2020-05-21,1376635539,九命相柳,0,7533895317,『精选』评论999+的欧美电音,12320463
2017-08-10,3079672397,良辰美景,2,2968769762,90后的独家记忆，那些熟悉的旋律,59006282
2018-07-28,1152921504616406706,音乐收藏家,0,2662576743,经典老歌 | 港台留声机,14623084
2020-09-13,3501290598,攒一口袋星星.,0,7418885152,庆幸你来自远方，不知道我的过往,5237997
2017-01-22,1915863670,他,0,851247569,90  流行粤语歌曲，触动了几代人的青春,14006949
2019-10-21,1839990389,诱宁,2,7263627232,王者荣耀战歌 : 激昂电音助你上分,31771484
2019-05-17,1152921504828095219,你真可爱,0,6799285383,此生不再打扰，愿彼此安好,55492107
2017-08-10,2826947545,Forever /,2,2372393267,500首灵动纯音相伴，刷题时光不分神,8550136
2020-08-24,1666326482,薄许烟一缕.,0,7689291689,怀旧：70后KTV必点金曲,3257909
2020-06-26,2050886006,六芒星果汁,0,6523463681,【欧美】沉浸式体验，抖腿上天曲,7076877
2017-07-12,2952151955,春小麦,2,2370564961,「600首粤语经典」那些承载记忆的旋律,16127148
2018-01-29,1759591760,阿兮同学,2,3632445059,古风情书：听一宿梵唱，许一世柔情,36694002
2016-10-20,454859488,包子,2,3227993387,编辑推荐｜一人一首代表作歌曲大赏,32161122
2020-08-24,1152921504955343328,玛卡巴卡,0,7644033765,声音撩到停不下来的欧美金曲,6722643
2020-08-07,3040826845,Q音企鹅,0,7665912238,纯音乐解压；来自钢琴的舒缓曲,2694118
2020-07-22,184154657,Warmstill,0,7647302065,我记得你爱过我的模样，怎么忘掉,35525697
2020-10-30,2030402442,Oblivion.¹³¹⁴,0,7764540209,儿时童趣，都藏在追过的动画片里,600360
2020-07-15,1517576176,未名.,0,7418168722,[情感片段] .每首都是一个故事,11866113
2020-05-14,1152921504959047737,九秀,0,7563283734,易燃易爆炸 | 跟着我Carry全场,6058714
2017-08-31,3050999021,淡白的阳光,2,1177324425,YouTube史上最快达到5亿播放量的100首MV,17769358
2020-10-17,1152921504851751471,暖暖,0,7751926161,港风｜粤语里风吹过的时代,973843
2020-11-25,1367363703,就是爱音乐,2,7793258888,钟情粤语：聆听港乐金曲,2071253
2017-09-12,482219519,K先生的猫,2,3580467773,挪威的森林！摇滚诗人伍佰精选集,6469237
2020-07-07,2801538142,鹿尔,0,4113642601,【王者迷快来】听出自信即是巅峰,3766153
2020-11-12,1006172694,羡之,0,7778677729,【伤感片段】破碎的爱情无法挽回,1650491
2020-10-26,3427724427,北川同学,0,7760859347,伤感片段 | 到最后只是相识一场,5724014
2015-06-16,449218160,933。,2,767884408,香港神级作曲人作品合辑,18857468
2020-09-22,1801230394,☾⋆ 雨悸,0,7587384504,【伤感片段】从前都是 美好的,2164050
2018-10-03,2692156904,孟冬,2,4866581249,20部豆瓣高分韩剧OST合集,7669552
2017-12-14,1367363703,就是爱音乐,2,1790504159,青春记忆 | 90后校园岁月的流行歌曲,334378546
2020-09-26,1229731572,Ace君莫浪、,0,7727178135,那些佳味入境的“神级”Live,2334433
2020-06-25,945187827,念安娜,2,7613947098,剪辑必备｜抖音最热BGM合辑,20483166
2020-09-12,3427724427,北川同学,0,7708476550,催泪100% | 我们的爱早已蒸发,35032832
2017-11-28,1367363703,就是爱音乐,2,1788820091,校园青葱岁月 : MP3时代的必备歌曲,86430077
2020-07-31,332876,13号港口,0,5332230914,欧美丨节奏感超强❤️热门BGM,6959183
2020-11-09,945187827,念安娜,2,7776057030,8090回忆杀｜回不去的叫青春,3392220
2020-10-01,1346006378,/ 砕城瑣倳 /,0,7732846385,伤感向｜真的遗忘就是连心都死了,968282
2020-09-07,2361270536,ৡৢ落 尘ৡৢ,0,7708405568,回忆｜九零后耳熟能详的音乐记忆,3012078
2020-09-06,2957221357,野,0,7706568796,车载音乐：一路狂飙，嗨到天亮,1914424
2020-02-25,1938962203,喜欢独处,0,7440997510,清澈童声 | 被宝贝儿萌住了心,9284311
2020-11-09,1723037030,影视专区官方账号,0,7751686027,START-UP 韩剧OST,706162
2020-09-20,2979842415,桃Tao音乐志,2,7721463898,动漫ACG｜燃烧吧我的中二魂,1364265
2020-07-05,411047551,WLDd..,0,7627127271,【听韩团音乐】pick本命团,3376961
2020-04-02,1143565332,天青色等不来你,0,7504804133,励志 | 坚持逐梦，不负光阴,4394789
2017-02-08,2455175706,胸毛少女,2,2652083001,百首值得静听老歌：我被青春撞了下腰,132079930
2018-04-05,2135713128,Soundwave,0,3783755614,00后动画片主题曲——动画片又开始啦！,10361656
2020-08-29,2779560835,李怼怼,0,7696704118,甜度100%:已收到你的恋爱讯号,3901515
2016-07-22,2590820558,、叶 落,2,3223527609,KTV点唱率超高的华语金曲,15562998
2016-11-02,3052396255,且听风吟,2,2339014155,【经典】回味记忆中的内地流行启蒙金曲,9058068
2017-07-12,2766689457,one day,2,2966940631,「深情粤语」惊艳了耳膜，温柔了岁月,11215927
2019-06-17,3212139410,欢脱小兔牙七柒,2,7043214437,缘分淡了，我们终究敌不过时间,38795126
2016-11-24,1220667525,安多,2,2341852814,粤语金曲：似酒般时光流逝愈发香醇,22974708
2020-03-05,2104363541,瞄准°（暂退哦）,0,7149783625,治愈纯音乐 | 所遇皆温柔 ♡ ,12972320
2017-07-12,2107448067,妮酱,2,2966940831,歌声永存，致敬beyond经典,12470545
2020-09-28,1152921505036041771,玖九9丶,0,7729163155,华语经典 | 重拾90后的青春记忆 ,3439562
2020-08-15,1152921505040905258,hiby,0,7677966290,聆听经典粤语老歌，回味旧日回忆,12399309
2020-04-15,2564690668,贩卖星球、,0,7521828223,深度睡眠 | 来自灵魂的浅唱,2481355
2020-05-06,345211567,Li供养,0,7552769936,张口就爱上，这些翻唱火爆全网,21513373
2020-08-07,287610585,九离,0,7666219226,伤感华语｜深夜一个人的悲伤,26587903
2017-08-10,3480319694,[ 承蒙时光不弃 ],2,2067204233,华语流行KTV必点金曲,94893552
2020-10-18,927364891,发酵,0,7753190502,[游戏战歌]高燃节奏开黑必备,1324265
2020-04-17,492180382,音巢阿呆,7,7519315701,DJ车载嗨曲推荐 | 持续更新,55332106
2020-09-07,2044232402,Palpitate.,0,7569781987,【失恋】哪首歌最刺痛你的心,1645624
2016-11-24,3013762077,👉社会你大姐👈,0,2935317436,蒙面唱将猜猜猜【全集】,8853731
2020-08-28,1152921504969333469,莹火虫,0,7695177222,百个伤感，有没戳到你心中回忆？,21453254
2020-07-01,1562596275,风筝从云里来,0,7594729500,祁隆丨百姓心中的亲民歌王,3302395
2020-04-15,2283047426,难赴清河.,0,7500523777,优质片段：抬头所见，尽是温柔。,5869989
2020-06-05,2845093106,顾玖儿.,0,7590322091,余韵悠长 · 萨克斯纯音乐大全,3612392
2019-08-29,1152921504912084704,Sunday,0,7178979179,王者专属！上分必听BGM,14135710
2017-07-12,2466494164,乖宝小兔儿,2,2065383379,「林夕+黄伟文」金牌作词人，巅峰作品赏,8535442
2020-09-17,1926566586,奶粉傲😘,0,6132955871,经典老歌｜滚石经典 留念当年,8868799
2017-02-23,3531334299,叫思念不要吵,2,3552637530,《歌手》现场打动人心的歌曲,2913981
2020-11-06,945187827,念安娜,2,7772286665,最经典｜那些压箱底的华语老歌,9215432
2017-06-18,931905769,陈哲,2,3566830427,经典国语300首：等待也是种乐观态度,418722583
2020-10-14,2437932705,Hugo 雨果,0,7748524913,「伤感」我们终究还是错过了,754885
2020-12-04,1152921504969333469,莹火虫,0,7803161503,学习 | 纯音 | 助刷题100分必备,182934
2020-04-14,1834936922,顾怀安,2,7517834004,经典怀旧：来自95后的粤语情结,16183378
2020-09-09,1811930154,Mamba,0,7709682667,华语经典丨浴室麦霸必点金曲,22679414
2020-06-10,1834936922,顾怀安,2,7344552081,伤感片段：我们应该不会再见了,32580681
2018-02-28,77734432,Xie Eric,0,1414981002,BIGBANG精选,8167544
2019-06-25,2827745225,智能算法大师,2,7060352945,钢琴纯音 | 宝贝快睡觉吧,3028020
2020-12-04,3413833718,腾讯音乐人,3,7803122183,冬日点歌台：好心情每天照常营业,48869
2020-08-01,1295613126,小林ovo,0,7647309493,「王者荣耀」上分必备热门BGM,3846766
2020-05-26,1152921504868526893,K,0,7536389763,华语摇滚｜百团精选邂逅宝藏乐队,3835209
2020-11-20,1946857276,听她迂回,0,7574241116,单依纯｜纯心相依，永不单行,7414865
2019-08-26,2641188037,冲向KTV,0,7174020835,怀旧经典 | 这些老歌你听过几首？,12002425
2020-12-01,1152921504782159287,Carbine,0,7800289269,某日起，故乡再无春秋也无夏。,50276
2017-03-11,571909234,Seve7n Day Rock,2,2051746512,游戏高燃BGM：别拦着我，我要上战场,50487277
2017-07-12,2048587391,?Boom?,2,1168817293,「跑步音乐」蒸发汗水的活力节奏,7754481
2017-03-31,1245280330,花痞,2,861218535,400位华语民谣歌手，一人一首入耳曲,66546889
2020-04-14,3410958418,小海螺,0,7522198562,抖音热门 | 最新国语热歌精选,143801781
2020-08-21,1479974596,.ﻉ白桃味小贤,0,7686391783,ROSÉ朴彩英，四季温柔不如你,1142131
2020-10-23,2896444587,温柔,0,7757000582,KTV珍藏｜80/90后怀旧经典老歌,1205037
2017-07-26,2046224093,心如刀割,2,1769768332,「欧美」听一遍就会跟着和的英文歌,116965481
2017-04-29,1257702551,Ava.H,2,1124917552,咖啡馆·静谧悠闲的造物者,18154786
2020-06-05,452775188,还不是因为你长得不好看,2,7590418564,赵雷：不随潮流的势头去附和,8383009
2020-09-06,2638819171,王亚鹏,0,7707299180,伤感片段｜可惜没有如果,20868676
2020-03-10,2366812118,幸福的小麻花,2,7467921334,麦霸：收下这份免费下载的KTV金曲,12662152
2020-11-25,2185430030,winner,2,7793416142,雨ヽ声｀柔软ヽ做一场采样的梦,133250
2020-05-27,1526977475,2％✔,0,3614772046,ACG | 火爆的动漫主题曲精选,5998600
2020-07-16,184154657,Warmstill,0,7640173696,疏远不一定是讨厌，或许是太喜欢,17944496
2020-10-09,2134718135,‭遇浩,0,7743623034,伤感合集 | 有人疼才有资格闹,1045652
2020-09-06,2638819171,王亚鹏,0,7707333775,神仙翻唱 | 竟然比原唱好听系列,3248604
2019-08-10,1973492956,chase,0,2629573829,[平成主题曲全]假面骑士,4802805
2020-09-27,3470650733,沐恩,0,7728644076,伤感片段：总有一瞬间悲凉,8473201
2020-08-27,2799305121,roses_are_rosie,0,7693675046,南韩超火女团：燃爆全场只需三秒,1474819
2019-08-27,942973835,今日起消灭歌荒,0,7174017502,华语老歌  | 一个80后眼波里的经典,19264844
2020-02-24,644431062,扑通大机灵,0,7441184789,洗脑DJ神曲，入耳就停不下来！,10903206
2017-03-29,544169694,１'s   ヽ,2,1983842486,百首单曲循环听不腻的经典英文歌曲,104266119
2020-06-08,1152921504814420484,张西西,0,7593440504,记忆里的青春｜90后回忆录歌单,2599925
2020-08-26,318522630,✎ℳ๓冷雨✾,0,7639582386,伤感片段：我们也许不会再见了,1098752
2020-10-04,1152921504680359795,香菇,0,7737281089,经典老歌Dj 睡什么觉，起来嗨啊,1083473
2020-04-17,1834936922,顾怀安,2,7468556138,时光故事汇：回放95后的那些年,23580706
2020-04-10,2629955098,温文,0,7515885075,爱过后，终究一人熬过低谷,2353539
2017-08-10,1185847270,汤圆儿,2,874673168,「韩国女团」韩饭必收的人气代表作,16058315
2017-07-12,3543584387,Lio_seven,2,2966940476,「华语」喜欢林俊杰的186个理由,35660940
2020-10-27,2286443537,你的小韩吖,0,7761620435,丧 | 孤独且深情易上瘾,1017154
2019-08-06,1600189472,HDM Fans,2,6938777666,Carnival：投放舞池的躁动引擎,14338765
2019-08-14,2286023713,瞎扯乐团指挥官,0,7153532902,大学自习室 · 若有安静纯音相伴,2435744
2019-11-06,2839713938,​,0,7171876874,跌跌撞撞奔向你却又不得已离开你,13040025
2020-09-17,945187827,念安娜,2,7718266717,抖音热门｜便利店里常放的歌,53107210
2020-07-10,359513022,槿凉薇浅,0,7404199684,伤感丨可惜还是到不了最后了,7037938
2020-09-02,1474926692,THiwang,0,7702268807,伤感情歌 | 来不及牵住你的手,4530417
2019-12-17,2949109278,Magic,0,7344070915,『王者carry』荣耀之路你我并肩,5878105
2020-11-29,2756589227,峪果,0,7797109673,※唱片店特供※ 健胃消忧片♬ ,64280
2020-07-16,3174948857,留恋夕阳与她,0,7639772721,「古风」浮生若梦，为欢几何,5867859
2020-10-16,1749913494,天天天天天天天蓝,0,7715815293,阿悠悠丨旧梦一场，空离散,922639
2014-12-03,330948883,H.Jade勺子,0,1632363509,张学友30年十大金曲,19893082
2020-07-31,1366486942,縂鉰の囧rz,0,4176633716,「硬核战歌」无电音丨不游戏,1848279
2020-06-09,1506498837,Breath,0,7594912510,心跳加速！做梦都想哼的神仙歌曲,6607640
2018-07-17,2437910260,谜一般的年轻人,2,4213000588,西西弗书店的英文歌单列表,5855048
2020-10-16,987674549,小众又怎样,0,7749323780,睡前纯音：灿烂星空是宇宙的温柔,2646348
2019-10-21,2532239618,筑梦师,2,7252366497,经典老歌 │ 重温80后怀旧老歌,23027592
2020-09-08,3105755826,知足常乐🍰,0,7478361377,爱情十有九悲，愿你是他的偏爱！,14090967
2019-06-28,2958026496,个性化特供,0,7060353064,DJ丨苏荷酒吧夜店电音舞曲,28970066
2016-10-20,2467299540,音乐贵族,2,825608302,经典情歌，唱出男人最深沉的爱,54825396
2020-04-30,3556539790,林兔,0,7534235192,巅峰人气｜快手最火国风歌曲,5437532
2017-08-10,3050999021,淡白的阳光,2,1169458964,「国语怀旧」情感在老歌里沉淀,63166694
2020-08-13,2276943843,锥生零,0,7675729844,伤感片段 | 时间和我都是罪人,54212752
2020-06-13,1834936922,顾怀安,2,7595409313,伤感片段：快乐就到此为止吧,51691607
2020-06-08,2225251691,温冬（沐凡家）,0,7593082970,纯音乐：适合学习时听的音乐,6677688
2016-12-03,304513351,岸浪情拍,2,1140056433,陈奕迅：用我的歌来治愈你的伤口,15511742
2017-09-11,2742568821,Zona,2,1178813856,每个人心里都住着一首李宗盛,11243110
2020-08-26,211856498,骚君,0,7400391821,精神小伙2.0╱BGM,4853176
2017-07-12,2105165064,水手怕水,2,2065383442,「粤语」回味叱咤乐坛的经典,29590047
2019-09-11,1327537429,拯救不开心,0,7198809344,英语流行 | 最想分享给你的英文歌,20523730
2020-07-08,2037943503,熊猫听歌,0,7630303474,抖音新热门｜萦绕在耳边的旋律,98643842
2020-08-16,261740698,🦁云水月琪🌟,0,7679101873,交警小姐姐说控制车速 交出歌单,6518802
2017-10-17,446570770,夜色很好,2,845447312,EDM百大电音风暴节奏点燃全场,15685928
2018-09-11,349915071,梅内斯,2,4713458141,宋冬野：才华横溢的孤独回响,17619187
2020-03-26,864758248,一封情书给自己,0,7489569642,纯音乐400首丨绝伦旋律 美妙动听,11703773
2020-10-04,312051938,小明同学,0,7737374038,K-POP｜超好听的女团热歌榜,765135
2020-01-29,3449929622,Not serious兔姬,0,7275679373,纯音乐（助眠）轻音乐,8281193
2017-08-10,3050275225,温酒伴月落,2,2372393474,粤听粤有味，首首动听,16079399
2020-09-19,1152921505036041771,玖九9丶,0,7719975222,粤语怀旧 | 少时回忆录,1015850
2020-03-17,1022543731,热文案,2,7478458286,盘点短视频中最火的dj全收录,78310949
2020-04-22,2297095896,景随风,7,7529982138,华语经典｜九十年代盛行的歌曲,48125769
2020-08-14,2303204713,蓝莓 Cake,0,7677288159,抖音快手热歌 | BGM弄潮儿,31372441
2020-09-25,3122137481,MYANSWER♡,0,7726712921,伤感｜你听，这是我心碎的声音,935075
2020-06-15,3521089778,墨九,0,7602241849,车载DJ丨无拘无束，潇洒自由,27134972
2017-07-26,3050342203,秋名山神车手,2,1769768734,「许嵩·徐良·汪苏泷」青涩校园回忆,31465685
2020-06-08,1186252579,一凡,0,7328043306,90后回忆杀 : 落了尘的青春,13740275
2017-08-03,1264619163,づ—³搁浅✧٩,0,1533954251,日语 丨 耳机炸裂的ACG动漫,3377788
2020-07-30,1756465016,知音♥️,0,7656736228,经典老歌｜岁月留痕 老歌入耳,6338460
2016-10-20,1437733414,Neru,0,2001766549,听到请回答1988,13941301
2020-07-17,498877906,狗贼,0,7641951227,华语杂货铺：哪首是你的单曲循环,4078438
2020-09-20,2487348299,亦凡人,0,7721265208,网红神曲！藏在耳机里的免费热歌,4165436
2020-06-29,1152921504842294771,走心了吗,0,7619490291,『华语催泪』音乐谱写爱情的心酸,36276089
2020-09-22,3228873416,Fairy°,0,7722993772,经典老歌 | 有些人 错过就不在,14367939
2020-09-16,1152921504680359795,香菇,0,7717321230,男生KTV必唱，定Hold住全场,4164393
2020-09-21,2692933108,祖祥友,0,7709384434,毛不易|全原创线上演唱会,2014000
2020-04-15,545722971,我等等。,0,7523039275,「下班了」累了就听这些DJ吧,19945652
2020-06-10,3410958418,小海螺,0,7595699555,催眠纯音 | 5分钟快速入睡,2901519
2020-04-23,2749180238,违规女孩,0,7534184810,韩宝仪 | 优美的歌声回味无穷,5571541
2020-10-22,1448991181,小熊🧸,0,7740475151,伤感片段｜夜晚又归于沉寂,946806
2019-06-18,987036132,北辰,3,7013795380,十年之后，还有这些歌让人感动,66529577
2020-07-01,1194382398,梅雨西子,0,7621260008,华语金曲｜一人一首历久珍存,8253822
2019-08-25,3051014474,Star°,0,6874399440,【游戏】 逆风翻盘carry全场,73787986
2020-02-27,1214673117,小攀哟,2,7445971221,华语经典：总有一首值得回忆,12977229
2016-11-15,3051328048,南巷旧事,2,3235982757,一个00年代的记忆—周杰伦,27241140
2020-08-20,2587278206,喵喵君仙998.47亿 次播放,0,7685428955,华语Live | 动听歌喉，实力演绎,7327268
2016-12-13,473509726,Harry,2,2643652402,回头率最高的50首手机铃声,121759586
2020-09-26,312051938,小明同学,0,7728306458,[K-POP]韩国人气女团精选集,2223180
2019-11-04,1152921504885597952,Sy.Fantcalty,0,7284391365,回忆录丨90后MP3里的华语金曲,8537681
2017-06-27,452775188,还不是因为你长得不好看,2,3267831137,华语流行｜大热古装电视剧主题歌曲精选,14531498
2020-10-07,1152921504995533015,Amy.🦄💯💗,0,7670237952,欧美 | 唤醒内心的挚爱旋律,915074
2017-07-12,3153936651,随风,2,1170414179,全球顶级配乐公司：90％电影音乐来源,18158415
2020-05-26,1028213864,ShiTou,0,3632971993,全能GAI | 中国风说唱,7423073
2020-09-13,94496928,愚者∮,0,7714814311,节奏控：致敬巅峰，掌控全局！,1864957
2020-09-10,2622902656,Cx330,0,7710790978,伤感片段丨你总是一个人,2742303
2020-09-11,2238290812,鸢尾花,0,7712151915,100首治愈钢琴曲: 聆听心之呼唤,1697143
2018-07-25,2185430030,winner,2,4225669584,“今晚蹦迪，跟你妈说不回家了”,117441142
2020-10-26,510713626,牵手,0,7738271179,90情怀：分别多年 你依然在我心,1009257
2020-10-29,945187827,念安娜,2,7763332525,放松心情｜抖音BGM大赏,7026607
2020-07-20,1480302867,音频怪物㏒.,0,7643196950,华语伤感｜不爱热闹，却害怕孤独,6969833
2017-07-07,3243519651,硬八天,0,1160561614,中文dj歌曲,61227422
2020-09-13,3347214090,長安不再安,0,4237350138,伤感片段/她抛弃我了,8222126
2020-07-02,492180382,音巢阿呆,7,7557877888,忘掉原唱，实力派的炸裂翻唱现场,2431231
2020-07-11,1262377137,离妄.,0,7634235394,怀旧粤语:时光流逝 流金岁月,6590618
2020-09-05,2861103164,Music周峰,0,7706188164,经典怀旧丨90后值得一听的老歌,1925043
2020-09-03,874295245,KoalaSong,0,7701432908,既然青春留不住，不如听懂李宗盛,3855042
2020-04-02,2441957085,你要听神马鸭？,0,7375111385,华语伤感 ：泪流不止，只因想你,25977332
2020-03-25,2660746954,乔冷,0,7489904419,快手 · 100首最新最热歌曲大全,70070370
2020-07-08,1346006378,/ 砕城瑣倳 /,0,7630816485,『绝至超燃』使颓废的你涅槃重生,4320080
2017-08-10,2105165064,水手怕水,2,2067205540,「怀旧经典」记忆里的老歌,23318168
2020-05-02,3288965316,江不婉,0,7541757351,【上单必备】实力对抗超燃bgm,9627208
2020-09-15,78523596,TOP1,0,7716758621,【打游戏必备】节奏掌控操作拉满,3846269
2019-03-13,408080999,晓,0,6800944944,劲爆嗨曲中文dj舞曲,264770445
2020-08-31,3435454191,你的名字,0,7692492503,终究是一个人的兵荒马乱,2157994
2017-07-12,3469298161,夏花流年,2,1167624138,「欧美经典」感受时光从耳边划过,15428941
2017-07-19,931905769,陈哲,2,3571370344,Eason粤语歌集：世上还赞颂沉默吗？,13931294
2020-03-09,1498030674,星野一,2,7464361720,踩点狂魔丨剪辑类UP必备核爆神曲,5403984
2017-12-28,478695379,DJ顾念晨,3,3618261996,十年之约 | QQ飞车手游找回青春的记忆,71411352
2020-09-02,1441268565,迷雾,0,7657956467,如果词不达意 就把爱藏心里,5561492
2020-01-20,1756632996,挽歌.,0,2584444065,伤感纯音乐 | 孤独是世界的海,3193773
2017-08-10,3050361411,古耐moon,2,1169458971,「纯音乐」一曲古筝，一杯禅茶,27409706
2020-09-09,1945851593,行走的荷尔蒙,0,7709684645,抖音热播 | 瞬间心动的神仙歌曲,40606819
2020-09-15,1273179433,稍等一下～,0,7713574197,国风BGM｜再听已是曲中人,29366424
2020-10-09,2220117658,H.S,0,7669151966,轻音乐睡觉听』身处黑暗心向光明,791615
2020-04-26,3207482839,心动输入中,0,7526534989,BGM：游戏前热身，就待重拳出击,6395170
2019-12-10,2789599771,、,0,7334499605,抑：/熬不完的夜，听不完的歌,3427718
2020-07-18,2565763957,放下我的小熊.,0,7642714418,深夜不能听的歌曲:伤感催泪100%,3495052
2017-08-10,2153342769,花开半夏,2,3571076617,「流行经典」怀旧老歌，不忘初心,30963364
2020-05-17,2860356086,冻成了憨憨.,0,7567066822,世人醉，醉生梦死一世情,26996975
2020-09-28,2749180238,违规女孩,0,7729725985,我们的歌 | 共赴一场视听盛宴,1181115
2019-11-10,2848355117,Sky,0,7194652332,流行 | 释放压力时必备歌单,1939660
2020-07-23,1152921504681001855,必胜🤟,0,7648080331,100首经典老歌，70后的年少时代,9552188
2020-10-04,2530177008,南辞.,0,7737565418,蹦迪神曲:音乐一开 全场最嗨,2413379
2019-12-09,2949109278,Magic,0,7321683771,深夜DJ | 悲伤使我们懂得了微笑,58190423
2017-01-05,2290582155,龍十七,2,2347518021,陈奕迅最让人感动的30句经典歌词,34873758
2020-10-17,1006172694,羡之,0,7751121402,【经典老歌】父母青年时代的记忆,1043237
2016-12-29,2473134961,小沐沐,2,1143222476,300首经典纯音乐，听完手机内存不足！,111276557
2020-04-24,2297095896,景随风,7,7532638952,华语经典｜八十年代盛行的歌曲,5960145
2020-05-29,2329985298,小柒,0,7581185662,抖音精选：听一遍就沦陷的歌,47944499
2020-03-27,748973522,SPZn.,0,7444070908,节奏控福利！那些好听的欧美歌✨,3951441
2020-11-03,1367363703,就是爱音乐,2,7769343580,一人一首 | 90后的校园青春回忆,4433872
2020-05-09,1269856819,忆丶戈,0,7556761989,半吨兄弟丨少一斤都唱不出这感觉,19310133
2020-09-22,1522531377,PC12138,0,7724053235,「粤语」我唱得不够动人你别皱眉,6374570
2020-04-16,3401476771,呐！darling！！！,0,3745605683,欧美 ‖ 金曲，魔幻音流穿梭耳畔,9917368
2020-10-10,1152921504862524917,心近♡自然良,0,7744006805,3D环绕舞曲｜酒吧夜店摇摆嗨爆,1926461
2020-09-30,2779560835,李怼怼,0,7715672717,『片段翻唱』陷入温柔暮色里,6791164
2017-06-05,20138652,Katharsis,2,1467620008,不做游戏做音乐？拳头的音乐不归路,7453966
2020-07-21,930222472,七苒.,0,7626256621,听一首甜甜情歌，攒一世界甜蜜,4702869
2020-04-20,844944770,所追寻的笑卿风,0,7501113678,「超燃bgm」该我上场表演了,5824784
2020-01-23,402847407,枪&玫瑰骑士,0,6938324478,黑胶发烧人声试音碟,3914598
2020-09-21,743649289,你是我唯恐不惊的惊鸿,0,7659984479,失望片段:不想接着失望…,1087977
2020-02-17,318043788,XG💨,0,7428567527,世纪精品｜韶华易逝，经典依旧,4403853
2020-06-28,1873182795,尔听°,0,7618204333,古风戏腔｜水袖一起，唱尽相思,3617086
2017-09-22,2623475870,kuby,2,884992922,快去睡觉！听完忍不住打哈欠的八音盒纯音,14699747
2018-11-25,980501289,原色 🌸,0,3845046171,那些年90后的流行歌,17818876
2020-09-08,1152921504866441712,困倦᭄ꦿ,0,7214548955,伤感片段:夜里一个人多好啊,40180249
2020-07-02,1152921504669842695,永远年轻,0,7603571723,民歌荟萃 | 经典之声，源远流长,2453052
2020-05-15,945187827,念安娜,2,7564237722,学习必备：抖音热歌精选（持更）,68354552
2019-11-12,2103461797,随꙰你꙰所꙰喜꙰°,2,7295085088,曲终人散，再无我们,22424875
2020-10-08,2865784778,是软甜吖,0,7742139811,华语经典｜记忆中的80年代，怀旧,849406
2020-04-21,361077359,芒果先生,0,4654790463,飘然入声 | 李健的神仙Live集,4096077
2020-04-14,3077344505,精彩华辉,0,2368859101,再也没有我的打扰，你应该很快乐,11800650
2019-08-08,1282452564,稼轩,0,7142609344,国产说唱｜这才是中国rapper,12245815
2020-10-03,3101284558,沐沐.,0,7736151361,庄心妍：为何再见只是陌生人,2123835
2020-09-18,1152921504811855350,他还会想我吗,0,7664229393,『伤感片段』我和他的故事结束了,2862126
2020-05-14,3519517922,腼腆酱,0,7562359096,抖音超热中文歌，不好听算我输,78534336
2019-12-19,2901886982,凑凑好次,0,7337450623,伤感情歌 │ 我欠你个好好的道别,1593758
2020-06-27,1052253506,Yerl樱野,0,7616975444,流行rap:温柔的旋律和tempo,3640983
2020-05-03,2374133080,LANNÉ,0,7547480694,中文说唱 | 节奏中感受潮流,7157774
2017-05-04,975235364,太俗。,2,2058943165,民谣集：20岁时变成了一个用故事下酒的人,20104188
2020-10-05,691797091,伯豪Bohao,0,7738615882,伤感片段:你还爱她吗？,20450042
2019-11-28,2543140050,秋边,0,7175125768,《游戏神曲》挑战自我 决战巅峰,8165494
2016-12-07,975845106,你还是看不见我 ,0,2642739832,那一年，属于90后的青春,30964927
2017-07-26,3053996478,神乐酱,2,3269004699,「经典」属于中老年人的回忆歌曲,13801356
2017-06-20,374763385,书童,2,2369367927,跑步热单：听完只想绕着操场跑200圈 ！,67177729
2020-08-07,3235957840,听,0,7667588752,「超火rap」一起说唱燃炸舞台,2807415
2020-05-14,415456277,丧气男孩,2,7562617341,经典粤语：致我们回不去的青春,9492210
2016-12-14,86010258,霜泧,2,3241184094,华语｜有一个空间叫许嵩的江湖,22800661
2020-08-02,3427724427,北川同学,0,7654154165,伤感 | 我以为我很重要,6679098
2020-06-22,3282723161,🍃Etherealゞ,0,7611056409,『欧美流行』质感磁嗓 回味悠长,2440438
2020-07-07,2896444587,温柔,0,7629239247,「温柔男声」陪你度过低沉岁月,4335608
2017-02-02,2201472570,南极光,2,852125482,那些播放量超高的粤语金曲合集,35891115
2017-04-08,270547541,刹那微蓝,2,1157747817,华语：分手后，我才真正听懂了这些歌,74413377
2020-07-03,1505828972,朝暮🍋,0,7624501629,【童真】岁月流逝，青春悄然,2852305
2019-12-30,2730021513,沉舟,0,4237500412,柔情粤语 | 独特的粤式音调,8197275
2020-11-07,945187827,念安娜,2,7773813515,KTV必点！热评999+华语合集,851899
2020-03-05,88480387,talent-炎,2,7458863066,DJ神曲 · 让你成为精神小伙,20791183
2020-04-08,492180382,音巢阿呆,7,7514041058,抖音快手热歌榜 | 持续更新,329344813
2020-06-06,1126570844,吴景军,0,7590421266,沧桑的歌声，唯有刀郎才配拥有,6155489
2020-04-13,1578231847,芒果果,0,7520517030,缥缈空灵 | 专属周深翻唱集盘点,6468469
2020-04-01,3411055664,Trouvaille,0,7503072330,蓝心羽 | 甜美嗓音动听心灵,10146985
2020-05-13,1049466450,初,0,7561088533,『华语经典』岁月如歌,39465405
2020-06-04,3250075472,胖胖谢景行,0,7588778888,校园时代 · 或许你抄过他的歌词,2835165
2020-04-16,739620118,安与.,0,7525432119,中文伤感 l 再见，青春,20177758
2017-08-10,3549353852,续写年少时的梦,2,1471714393,「KTV必点」秒杀全场的精品歌单,68295996
2020-09-19,1796040274,安妹妹,0,7720460208,难忘经典：是我永远吟唱的旋律,6950311
2017-07-05,1067338325,念葳蕊,2,2371654578,陈粒：我要找一个让我有生理反应的人,13253752
2017-11-20,2861103164,Music周峰,0,2085245378,"每局胜利！打游戏专用的超燃电子
",40598774
2017-04-24,1281244335,1946 。,2,2362819894,老歌情怀丨百听不厌的经典国粤双语,37824811
2019-04-13,1757456989,Someone,2,6935970860,「抖音」跟着节奏摇起来,181211594
2017-08-10,770048976,金曲之后,2,2671456608,「动听粤语」放不下的经典情怀,63015963
2020-03-10,2764271129,ColaMan,2,7467921351,免费下载的超燃游戏BGM：真香！,11096605
2020-03-10,2434697687,我同事的嘴很甜,2,7467921327,免费下载的英文铃声潮流曲,14459032
2020-05-22,2958598324,11iiiiizh,2,7573170070,滚石唱片热门歌曲收录,9319599
2020-09-09,1131072037,许奕辰,0,7709888439,有些伤痕，愈合后就成了往事,3812630
2019-11-16,1083284863,北鹤,2,7300225568,网红孵化器 : 每人一首成名曲,6957087
2017-08-10,1925286211,微风吹过呼呼声,2,1169459292,「90后」承载着青春回忆的歌谣,75699971
2020-06-12,1562596275,风筝从云里来,0,7594017510,孙露丨磁性嗓音，绕耳回忆,9112314
2020-07-14,180538864,啾咪baby,0,7634201052,伤感片段/最终还是丢下我了,6155020
2020-10-03,1754218622,乱象,0,7736703012,［伤感片段］终有一日你行过黄泉,1509471
2020-03-25,1562596275,风筝从云里来,0,7491379956,刘珂矣丨禅意国风，静听菩提,3896273
2020-07-25,2138539484,环球音乐中国,0,7633774998,陈奕迅｜日升日落都陪你,3979819
2019-04-17,1905652013,A7i,7,6939993236,经典老歌｜那些逝去的青春,4436048
2017-08-10,3528361412,淡若清風，轻絮流苏,2,1471723764,80后共同的音乐记忆,28484246
2020-10-11,2749180238,违规女孩,0,7745421521,时代少年团 | 我们一起并肩前行,3274625
2019-04-12,1060444681,硬糖加可乐,2,6907813688,古风戏腔 · 戏彩堂深翠幕张,22300317
2017-07-12,3498355519,萌小姐棉花糖,0,3569246766,「古典」关于巴赫的独特典藏,4370337
2020-10-02,1152921504993749069,A一笑而过,0,7734392828,忆往昔：岁月如歌，悦听经典,1448129
2017-07-12,2105165064,水手怕水,2,2065383353,「国语」致青涩纯真的岁月,31469994
2020-03-02,3233705956,今天又忘记吃饭了,0,7449969916,伤感情歌 │ 谁能断了这情份,1498038
2020-09-08,1171936915, ,0,7708997936,虎二｜在歌词里感受苦甜人生,1461099
2020-05-27,945187827,念安娜,2,2850955783,李荣浩，会写词的作曲家,11922140
2020-10-09,3427724427,北川同学,0,7743377082,催泪100% | 后悔吗不会有下次了,3015147
2020-11-15,497697572,柠檬少年,0,7772468596,暖心live：动听歌喉，实力演绎,394193
2020-05-08,1152921504698264379,SS灿若嫣火,0,7555016394,甜度爆表！是你的粉色系青春呀,3783042
2017-07-26,3450417148,笑比阳光灿烂~,2,3269006954,「欧美」100首经典英文歌,17017434
2020-09-02,2101579506,专卖七彩祥云,0,7702586487,多想参加你的婚礼，只为听你说句我愿意,2308478
2020-07-01,2845093106,顾玖儿.,0,7617277396,纯音 | 愿生活发光的你日子常暖,307181
2020-09-18,3122137481,MYANSWER♡,0,7719803729,【伤感片段】没你我又何尝快乐过,1574532
2020-02-27,3102139803,韶光家@阿凌,2,7447667664,车载DJ200首＋(不定期更新),100827654
2019-02-14,987036132,北辰,3,6639516661,欧美 |  值得回味的魅力嗓音,6737894
2020-06-07,2692156904,孟冬,2,7592626231,才女任然：细腻柔婉情歌精选,12356923
2020-05-17,945187827,念安娜,2,7566977031,诗意国风：抖音热门BGM精选,27856562
2020-06-26,2756589227,峪果,0,7583786362,致幻电子500首 · 耳朵循环漩涡,7376672
2019-07-08,467638189,蜜糖男孩,2,7062703125,伤感情歌 · 爱是一场高烧,81162724
2020-03-19,1652158242,蓝鲸,0,7482011490,B站热门踩点混剪全收录【持更】,13203604
2020-06-05,1126570844,吴景军,0,7589860446,降央卓玛 | 妙音天籁，优美歌声,10725372
2016-11-14,635862324,绵阳利顺建材,0,2006719587,评论过万的中文歌与潜力股,53473968
2020-04-23,1950666740,★、╰︶,2,7534183361,快手热门伤感女声(持更),27652047
2019-09-26,1924013694,颜词,2,7226633383,王者BGM：节奏带感 ，瞬间飞起,22157904
2020-08-09,3434191519,一只小新,0,7670672443,『欧美向』绝美旋律，一秒沦陷,6987286
2016-10-20,3462048437,有梦不难,2,2918490497,致敬怀旧经典——男人篇,6810712
2020-09-12,2240563960,北辞.,0,7712614532,华语伤感 | 和熬夜一样难改爱你,29260113
2020-04-20,1837104394,是学姐吖,0,7530061277,蹦迪时刻！百首抖音优质DJ热曲,45730844
2020-06-27,498877906,狗贼,0,7609607887,千禧盛世 • 重启旧时光,59122725
2020-08-18,261740698,🦁云水月琪🌟,0,7681903272,岁月如歌 | 90后的青春纪念册,3668104
2020-04-27,345211567,Li供养,0,7540419608,舒适系精选丨300首静心钢琴曲,9887170
2020-04-17,2283955809,The Star.,0,7525549383,治愈系女声 | 心灵依靠,3691206
2020-07-08,786601230,Bbbbbb💨,0,7268051354,粤语经典 | 回忆最爱那时,2804915
2020-09-19,3402769004,挽安,0,7720713831,［温柔男声］你的眼里没有了我,3034000
2020-11-04,2456039071,不想喝可乐,0,7769355091,伤感片段:不該心動吧,3418786
2017-06-13,2091140332,⁠十,0,1344581550,【华语伤情】最好的邂逅，最难的再见,53447363
2020-07-18,3143941595,途中.,0,7642348321,梨涡少年【易烊千玺Live精选】,3051887
2020-05-15,945187827,念安娜,2,7564273433,宅家必备的抖音热歌（持续更新）,114186734
2020-09-02,360315291,yoki,0,7702283720,次元旋律起奏响热血沸腾の战歌,1106491
2020-08-19,459725094,冷儿ོ,0,7683702221,车载DJ：燃烧激情体验快车旅途,8003394
2019-09-16,2298105529,我又可以了,2,7199052869,80后怀旧集 | 时光一去不复返,12770047
2020-10-19,1812056486,念旧,0,7656851959,伤感片段|从满心喜欢到满眼失望,5927935
2017-08-10,3052337681,无音乐不生活,2,1169458755,「Billboard 」公告牌热门歌手精选单曲,19127000
2017-02-09,674050509,大兔子老师.Alter,0,3549209550,历代所有奥特曼主题曲～,8657649
2020-06-25,2050198279,小主子ཉ,0,7360526436,岁月留声:那些年你追过哪些歌？,6069757
2020-10-02,1036380274,毓.,0,7732195742,伤感片段 | 夜光下的回忆！,2309991
2020-03-30,1725067421,林夕,2,7487969227,快入坑：歌虽嗨，开车请别飘,19311315
2020-06-14,2524619154,病白,0,1922242555,指尖电子｜游戏必备良药,1548537
2020-09-16,1026917890,静若💞安然,0,7716927236,抖音DJ:车里有音乐 一路好心情,6476723
2020-06-30,943757197,原谅我性格孤僻不善言辞,0,7398708998,回忆经典:李宗盛写给ta们的歌,1464076
2020-10-11,1522531377,PC12138,0,7744311018,史上最全！KTV麦霸必修金曲300首,1480530
2020-07-13,1441938062,错过的、再也,0,7636604468,纯甜可爱：糟糕！想生小孩的感脚,5083255
2020-06-09,3234133879,等一树爆米花呀,0,7594409643,您的甜甜的恋爱已到，请查收,2857769
2017-07-26,3545474218,漂洋过海来看你 ?,2,3269004721,民谣如酒 入喉醉心,21498722
2020-08-29,944182780,Ю三歲,0,713960084,隔壁老王听了这Dj又精神了,23316896
2019-04-23,2907569495,塞纳河边拉二胡,0,6947761409,周华健 滚石精选集,5009308
2020-05-19,3235957840,听,0,7533625519,欧美流行丨点燃激情 释放压力,43543082
2020-07-17,2660746954,乔冷,0,7641750983,普普通通的你也值得被万般宠溺,495032
2020-02-26,2748789268,陈浩笙,2,7446262490,学习轻音 | 沉浸书的海洋,5836639
2017-07-26,3117811402,画一方禁地,2,1471714282,「100首精选」那些温柔了岁月的粤语歌,12189086
2017-08-10,3528361412,淡若清風，轻絮流苏,2,1471714786,「华语」70后音乐回忆录,26570338
2020-09-21,2321985329,胖子难逑,0,7504852026,励志｜青春不迷茫，梦想永不止步,265584
2020-10-15,3235957840,听,0,7749133477,伤感片段丨能不能不要离开我,2223828
2020-04-17,1152921504885597952,Sy.Fantcalty,0,7525180408,蹦迪神曲丨扇子一开，全场最嗨,28428504
2020-08-08,1165992597,蜗牛..,2,7669260097,影视金曲 | 属于90后的青春回忆,2690999
2020-04-28,3135305475,Mike,0,6910849435,『王者BGM』让你把把超神五杀,2591678
2020-08-13,2303204713,蓝莓 Cake,0,7675710171,在KTV唱哭的人，都有故事,2945306
2017-11-27,1367363703,就是爱音乐,2,1788704534,时代记忆，精选20世纪台湾乐坛的华语金曲,26821363
2020-10-04,3427724427,北川同学,0,7736298109,伤感片段 | 忘不掉的人藏在心底,1876958
2019-12-17,1690282359,大红袍珍奶,0,7337450028,粤语迷：任时光流转，经典永不败,2178240
2020-10-19,1366531984,ㅤ,0,7751467399,【伤感】慢慢听就哭了,2210263
2017-02-23,3482288150,Holiday!,2,856944048,有一种经典叫龙卷风 我们的青春杰伦,23758550
2016-07-22,703533236,ʚ刘敢敢ɞ,0,2626146214,轻音乐/钢琴曲 理查德克莱德曼专辑,16420264
2020-09-23,410284087,krystal,0,7724135581,粤语精选 | 百听不厌的经典港乐,1955651
2020-05-29,452775188,还不是因为你长得不好看,2,7580808330,MAMAMOO：超强实力派女团,2840600
2020-08-28,3331885693,小陈小陈  满眼星辰.,0,7696072766,【丧系歌单】他总是不懂我的爱,13075213
2018-07-18,3026827605,Smoker,2,4195947316,〖YouTube〗邓紫棋热门单曲Top20,24440542
2019-12-10,2960765960,查尔斯的嘴,0,7328842110,降央卓玛｜来自草原纯粹的声音,25351122
2020-08-31,3014512014,烟痞,0,2080594530,伤感片段：你说过不会离开我,1887730
2020-07-30,1077351296,ღ᭄ꦿ南鸢北筏ꕥ᭄ꦿ,0,7657295368,【咚鼓热歌】柔情似水，痴情如火,6141901
2017-08-10,3498192741,画船听雨眠～,2,1169459379,「华语经典 」回忆伴着旋律涌上心头,67054036
2020-09-12,3427724427,北川同学,0,7712613621,抖音热门DJ舞曲 | 网红BGM,45249966
2020-09-19,1974815398,𝙉𝜪.1 ♛,0,7720025164,翻唱片段｜长路漫漫，伴你身旁♛,1629167
2019-09-30,1534433626,温柔,2,4558053707,王者荣耀 : 打野专用战歌,26736163
2020-09-19,3101284558,沐沐.,0,7720119684,经典粤语 · 重温那段流金的岁月,712406
2020-08-31,484366284,终究真的是终究,0,7668469090,伤感片段 深夜泪水是自己的,3998436
2020-03-31,1165992597,蜗牛..,2,7499354507,属于90后的经典歌曲,44574648
2020-09-03,121975161,🔥Q音DJ热单√磊小宝,0,1181669726,蹦迪神曲：抖腿难改`摇头情似海,20900647
2020-10-01,1152921504744165099,时生,0,7570968793,心跳加速，做梦都想哼的神仙歌曲,2850887
2017-07-26,3466530758,跟我走 别回头,2,3269005534,「英文歌」惊艳耳际 瞬间恋上,13552368
2020-04-06,2944513107,别离開小諵/.,0,6572994875,丧系/.《抑郁症患者》勿点,2014845
2020-10-01,1907925059,干饭人,0,7650382189,『丧系』没有完整版的神仙翻唱,4050978
2020-08-31,1026917890,静若💞安然,0,7699313817,车载伴侣:提神醒脑 缓解疲劳驾驶,8067243
2016-11-19,10901710,与光,2,843156492,睡前钢琴曲  安静沉入梦,8630295
2020-04-19,381646202,ai,0,7528124281,甜蜜爆表 | 热恋专用歌单,2294119
2020-04-24,985111371,颜泽,0,7535963804,陈粒｜过了很久终于我愿抬头看,5586676
2020-10-05,1011011014,陈先生,0,7739351864,堵车听DJ，油门注意啦朋友！,7305115
2017-01-19,2959134137,柳云歌,2,2945993530,值得收藏的100首华语好歌,149321600
2018-08-21,2215105840,Pure_Lavender,2,4279416823,80后在KTV必点歌曲,45028168
2018-11-30,2660554065,月色温柔✨,0,5345720434,欧美｜节奏控的极致享受,2712111
2020-09-23,3194418670,综艺鹅鹅子,0,7716560832,诗人歌者，李健是也,1499527
2020-04-14,3531171618,你就是我的人间理想,0,6998505711,一枪入魂| 王者荣耀百里守约战歌,3178709
2017-08-10,2123828267,Autism°,2,2968768864,陪伴90后长大的粤语歌曲,14836928
2020-03-31,65938568,书诉(沐凡家),0,7500754738,李健 ：天赐嗓音，曲调如诗,3429275
2020-06-13,2927431778,Apollo,0,7600130223,英文｜提神醒脑，学习效率加速器,8190810
2019-07-03,3123226386,音乐还是轻点好,0,7073840290,渐析入梦乡 | 睡眠轻音乐,22413439
2020-07-05,2297095896,景随风,7,7625459697,甜到犯规！恋爱宝典歌曲,3461209
2020-05-21,1498030674,星野一,2,7571530183,回忆时刻！00后肯定听过的动漫曲,2790154
2018-05-22,1812948313,私に闻いて风i,2,4100249474,无限狂热！动漫中の摇滚音乐,8564080
2018-08-28,3248641960,MouYong LynLyn,0,4385554939,岁月留声：80年代经典粤语,30678139
2020-09-07,3316997273,110,0,7646034479,伤感片段：她也曾说一辈子,2757036
2020-04-14,1152921504885597952,Sy.Fantcalty,0,7521342983,站内收藏量过百万的电音神曲,4230180
2020-09-27,2310292238,凡.,0,7728378937,古风戏腔丨一声曲叹，惊艳了芳华,2745466
2020-09-30,2010028284,77,0,6269155117,「许嵩」才华横溢的音乐才子,1499806
2019-12-30,2730021513,沉舟,0,4208690011,华语留声机丨经典深情的心动老歌,3624516
2020-06-18,2406881657,☁️UNIQUE☁️,0,7589000260,【治愈纯音】繁星月下风拂心田,392111
2020-01-20,1747907171,鹿仁,2,7377903318,欧美疯狂曲调 · 灵魂触电,3219715
2019-10-09,2292556765,清风浊酒,0,3704623651,流行中文DJ串烧,20735073
2020-09-26,1152921504952299495,沈苏苏o,0,7720760237,丧/想不完的夜，哭不完的泪,934020
2020-07-20,1006172694,羡之,0,2016907260,【怀旧金曲】老歌如酒，越品越醇,15557412
2020-02-23,38084016,元箫,0,7442434959,抖音最火国风歌：一世倾心为情长,50671807
2020-04-29,1606669845,青莀🍒,0,7543465349,终究是戏子，永远在别人的故事里,4754821
2018-04-30,980168295,AИAΓKH',2,3856616098,李宗盛：不懂是幸运，听懂是人生,8083120
2019-07-24,1757456989,Someone,2,7110372103,「超火BGM」听说你在找这首,55913560
2020-08-30,1121928991,星野森,0,7695587512,糖果味女嗓｜给你100%的甜度,1074780
2017-07-12,3575332895,吃糖少年,0,2370564763,「华语」经典老情歌才有味道,41107410
2020-06-04,2933383079,遗落森林,0,7583154525,怀旧粤语｜永不失联的过去式,1078041
2020-03-10,3435166010,约翰大叔不约汤欧巴,2,7467921306,同桌辛苦整理的免费下载华语好歌,9675576
2020-08-18,1152921504669842695,永远年轻,0,7682677139,伤感民谣 | 往事随风，活在当下,1453938
2020-07-03,1606669845,青莀🍒,0,7623920550,伤感 | 终究会有个人 还是放不下,8572858
2020-04-28,2692156904,孟冬,2,7539490149,惊艳不雷人！盘点神仙翻唱六百首,7586727
2020-06-22,1873182795,尔听°,0,7610357786,伤感女声｜以前打扰了以后不会了,15642820
2020-08-27,2275905943,君安.,0,7653816755,伤感片段丨别让你眉间的温柔消失,8143578
2017-03-02,2959134137,柳云歌,2,2952171996,杰伦的哪句歌词让你潸然泪下？,18275710
2017-09-25,3050760296,我嘎乔安娜,2,2679960417,初中的mp3，青春的记忆,6715961
2020-04-10,1022543731,热文案,2,7516141212,抖音超火的神仙翻唱（持更）,97910197
2020-05-19,1985346746,阿信.,0,4237193954,【欧美鼓点】顺节奏摇摆,3514985
2020-10-02,3032772711,╰☆井じ☆ve年🎋,0,7734900537,『伤感催泪』感情淡了就放手吧,1681447
2020-08-22,53365218,洛辞,0,7687118062,『怀旧』岁月无痕，唯有经典留声,1732288
2017-09-04,1142021734,执城,0,1855128183,「华语伤感」 初心易得，始终难守,28070910
2020-06-25,161148726,🐶,0,7614442512,这前奏，一把就把我抓住了,5430696
2020-04-25,2297095896,景随风,7,7537787795,DJ歌曲｜音响一开，烦恼不来,75976495
2020-06-17,2722411508,说唱专区官方账号,0,7603777938,官方精选：小鬼-王琳凯 Lil Ghost ,2711794
2016-12-21,1220667525,安多,2,2342856359,慵懒声线的诱惑: 李荣浩最热歌曲top20,22740341
2020-03-10,2648213577,科兴大摆钟,0,7467921369,免费下载的诗意民谣你值得收藏,5691946
2020-08-02,1606669845,青莀🍒,0,7661064283,伤感女音：这是我最后一次想你,2293465
2020-06-29,2756589227,峪果,0,7619167305,林宥嘉的歌声，世界最治愈的温柔,3642434
2020-08-23,2160579112,自在如风,0,7685440801,说唱新世代 | 万物皆可说唱,6599657
2020-09-19,2542289595,笑.,0,7720317576,【欧美神曲】让耳朵寄居在歌中,1722995
2017-07-12,3452371270,两相依偎,2,872839954,超高人气华语歌，有你钟意的吗,60139095
2020-05-13,467638189,蜜糖男孩,2,7562151214,G.E.M.邓紫棋出道12周年快乐,8408740
2020-06-19,2602431710,没能好好告别.,0,7606558023,伤感翻唱：再见面我们都是大人了,5893899
2020-03-14,3299472004,柏亦希,0,7475319852,『悲伤』后来你也成了故事,706692
2019-07-20,945187827,念安娜,2,7097197259,催专累了！来听听周杰伦的老歌,37815818
2020-06-24,3282723161,🍃Etherealゞ,0,7613372709,节奏控 | 随时随地点燃激情,6096927
2020-08-09,1480381559,💙,0,7671237418,听完想拯救世界｜欧美极致电音,4052905
2020-04-15,542340682,清泽俊秀（暂退）,0,7523077869,庄心妍的高品质好歌精选集,16486612
2020-04-05,1934301935,有栖早纪SAKI,0,7109787308,｜小众宝藏英文｜无法控制的喜欢,3531661
2017-08-18,2441507182,E.H,2,1472776306,欧美动感节奏：健身慢跑，燃烧你的卡路里,24957760
2017-07-26,2584792129,,0,3573607299,祁隆歌曲全收录,10892088
2020-05-31,995702579,星空,0,3307888020,青春记忆: 回望90后学生时代,17658477
2020-05-25,2053597291,泽其,0,7576423412,抖音超热曲：你想听的歌这都有,159305002
2020-08-14,327641612,偷走你的满目星河.,0,7673314520,古风亦可DJ｜中国风也能蹦迪,4995652
2017-02-15,1367363703,就是爱音乐,2,1719941120,百听不厌 | 留声机里的华语经典,12580454
2020-03-09,3452942590,故事的撰写人,0,7459588069,来张免费下载的电音歌单，疯狂抖腿,18078676
2020-05-12,1152921504819784901,Happy.,0,7559561831,经典华语 | 时光已祛，光辉难褪,6446763
2017-07-12,3349335325,幸福是不请自来,0,2370564744,「华语」人气歌手代表作，不得不爱,14492225
2019-08-28,2063634880,隔壁路人都在听,0,7174019146,爱到尽头是否只剩下狼狈,3050643
2017-07-26,3437463414,不忘你,2,2067204491,「欧美」热评度极高的英文良曲,4273108
2020-07-12,312051938,小明同学,0,7635812681,「网红同款」这些歌最近真的火了,13724520
2020-10-11,2426860886,快乐的小伊兹,0,7746001923,跟着这个节奏！战歌一出游戏结束,555658
2019-06-02,1578509614,猫舌,0,7020619438,欧美向 | 耳机是最后的避难所,9964633
2017-09-07,452775188,还不是因为你长得不好看,2,3277068038,旧时光里回忆的粤语歌：流年已逝，经典永存,16087678
2017-08-10,3480319694,[ 承蒙时光不弃 ],2,2067212997,「LOL战歌」嗯！这很有感觉,14876848
2019-09-27,3454538281,又该换耳机了,2,7222867472,健身必备 | 永远自律，永远年轻,1977822
2020-10-05,1152921504857146605,fine💫,0,7739024426,古风 | 桃花树下，与君红绳结发,523047
2020-05-11,492180382,音巢阿呆,7,7559412657,华语民谣大合集，首首入心,4770875
2020-09-16,1152921504681001855,必胜🤟,0,7716965708,听说gai溜子开车，都听这些,3122088
2020-07-22,3587982471,稽,0,7599877326,三世缘｜倾尽天下只愿为你,5457625
2020-08-10,1131973211,俗   💜,0,7668841692,超甜| 甜到起飞听完即刻恋爱！,2246287
2020-08-18,2530177008,南辞.,0,7306068541,国语治愈女声:酥醉你的心灵,6609769
2017-06-04,1713915889,Z                                  Z,0,3559890884,欧美插电歌曲✔怦然心动的优美旋律,4399583
2020-05-13,1242012453,自渡·,0,1789072718,古风:初心不曾负，初心是何物,4791953
2020-10-06,3470650733,沐恩,0,7739842973,抖音精选集：曲入心，词入骨,15250215
2020-09-12,2240563960,北辞.,0,7712614773,伤感片段 | 太热情总是不被珍惜,3638340
2020-07-09,2541303595,不知名。,0,7624215376,睡前必备：伤感，最终还是一个人,17307860
2020-06-06,1606669845,青莀🍒,0,7567376184,只想把世界上最甜的恋爱都给你,1823769
2020-05-15,3164553455,寻找音乐,0,7563681381,深夜DJ丨放飞自我，毫无约束,44294267
2017-11-14,374763385,书童,2,2384755098,越动听越倾心！100首独特悦耳欧美女声,31220996
2017-11-05,1323725685,七瑾年,0,2349071298,「粤语」金典粤语，回响20年,3684539
2017-01-30,2847205717,deja vu,0,2944217623,重温50首不朽的经典英文老歌,4888384
2020-06-12,452775188,还不是因为你长得不好看,2,7599082024,舒缓安神：班得瑞轻音乐精选,4645045
2020-07-31,261740698,🦁云水月琪🌟,0,7658515147,KTV｜女生成为麦霸必备歌单,19373087
2017-07-12,3051524321,风云散,0,1167623944,超好听英文歌，攻陷你的耳朵,35776079
2019-07-31,1662059100,Rose,2,7123892256,温柔女嗓：失眠患者的治愈音药,38132700
2017-05-29,1027805448,＂忘川ˉ,2,3108781778,100首催眠秘诀：流行歌曲钢琴版,51384075
2019-07-16,88480387,talent-炎,2,7093152108,站内弹幕999+的欧美节奏曲,13352481
2020-06-14,2290996885,青昭.,0,7424768225,单曲循环的歌词里都是遗憾,3055704
2020-07-31,3263982911,不配得到爱.,0,7646494114,片段：满心欢喜到失望透顶☹,5248478
2020-04-14,1152921504885597952,Sy.Fantcalty,0,7521981320,站内收藏量过百万的优质华语,38924825
2020-03-09,3042217590,不稀饭棉花糖の萝莉,0,7459592100,【免费下载】总有一首你钟意的粤语歌,9112482
2017-07-12,3172628985,粉色de味蕾`,2,2370565162,「华语」最难以割舍的单曲循环,31221491
2020-09-13,979447500,草莓男孩,0,7710119458,ktv必点：包厢里唱出的多种情感,1369521
2020-10-08,3514040007,看透,0,7504150326,伤感片段 | 你也失落了吗,4715705
2020-10-10,2361627205,Rings of Saturn,0,7744688425,说唱新世代 | 选手个人代表作品,703327
2018-02-24,1833834512,陈某人,0,1459787674,刀郎的老歌,6841794
2020-06-11,3047435079,晚。,0,7015601644,深情翻唱：无一是你，无一不是你,2213420
2020-07-15,1841347563,天份,0,7614366897,侠气古风 : 腰间两把刀！断和了,7227222
2020-07-29,728219464,樱岛麻衣,0,7558625838,丧：遗憾吗关于她,8886625
2017-10-20,214239241,蘋果樹de約定,0,1182456307,白噪音|雷雨，伴你入睡，享受自然界的音乐,10257291
2020-08-22,2836114038,玖陌,0,7687002675,精选戏腔：戏子入画，一生天涯,1663157
2020-06-30,1357488878,情柔间眸.,0,7620450864,热度爆表！刷爆短视频的热歌,34674277
2020-03-02,1924013694,颜词,2,7448905708,「超火BGM」你想要的在这里,19725584
2019-08-28,942973835,今日起消灭歌荒,0,7174017389,80记忆 | 前奏一出就想起往事,5797708
2017-03-01,296497462,★★★★★,0,1455281725,无损发烧车载HIFI试音碟,16052118
2016-11-02,3051877259,Prosperous丶,2,3535982902,美到窒息的轻音乐,12217011
2018-08-23,1789364582,声音小镇Soundtown,0,4286466145,耳机煲机[第一阶段],3625187
2020-06-12,1873182795,尔听°,0,7596757493,粤语｜始终不可取替这亲切质感,6733199
2020-07-14,335604651,若愔.,0,7637628950,【古风】落花愔，相思不过远方,7067592
2017-03-05,1057027131,Trust,2,1153250853,欧美丨开头即副歌，一秒俘获你双耳,22540494
2020-03-17,2758850637,WIN:D-ilmmwmhxf,0,7479806583,韩语melon热门精选‖上头警告,2416184
2020-07-24,3063745183,歌单达人,0,7643521400,钢琴丨治愈系音乐，宁静空灵,2059530
2020-07-23,1152921505027247091,哇kakakaka,0,7648445473,要是一难过就能抱到你多好,7290179
2017-07-12,3434464849,Mark,2,3569246560,那些年，我们一起听过的周杰伦,27036993
2020-10-05,1462330176,SUSPECT,0,7737876541,周深 | 天籁之音与ACG的清灵融合,763822
2020-04-26,3344705956,歌恋,0,7537828867,「BGM」瞬间起飞逆风翻盘起飞,4871429
2017-07-12,2933172352,勿挽旧人,2,1469897872,「典藏经典」20世纪华语金曲精选,32110156
2020-09-08,459725094,冷儿ོ,0,7705968142,舒适减压：治愈耳朵舒服系音药,2787882
2020-06-04,1453377869,可乐不乐,0,7588905815,粤语女声 | 百无一用是深情,2178201
2020-09-04,192267977,旧时光 ້໌ᮨ.,0,7502602722,【伤感中文DJ】送我一杯忘情酒,6703708
2020-10-02,542340682,清泽俊秀（暂退）,0,7735056290,青春岁月| 如果泪水有记忆,3094497
2020-09-29,2134718135,‭遇浩,0,7703801812,失望片段 | 被爱的人不用道歉,7534913
2017-07-12,3549353852,续写年少时的梦,2,1469897660, 「民谣」送给自己的温暖,10288031
2020-09-24,1243702995,叶冰夏 מּ,0,7725260915,老歌‖忘记的歌名记住的高潮,2741119
2017-08-10,3470334301,南风轻语,2,1169460602,「华语」90后的青春纪念册,21444127
2015-06-19,945187827,念安娜,2,2864910544,运动健身必听歌曲,29849868
2020-04-30,3539255130,bad,0,7544945995,特丧丨抑郁者勿进,5023278
2017-02-09,2086094330,蛋崽,0,851172026,纯音乐｜适合睡觉的安眠曲.,4864333
2017-08-10,3050614512,小芭love music,2,1471715951,听着粤语歌，在香港迷了路,7522462
2020-10-03,497697572,柠檬少年,0,7736300010,毛不易丨音乐诗人唱尽人间百态,1068546
2020-08-14,945187827,念安娜,2,7677431156,伤感情歌：别以为你有多难忘,5091442
2020-04-10,1498030674,星野一,2,7515802168,偷心盗贼！抖音最火女声歌曲,49736574
2020-03-05,1750649530,李律川,0,7459981119,【电音】耳机党的超燃福利单曲,10588681
2019-08-27,2063634880,隔壁路人都在听,0,7174019073,回忆杀：90后的青春在MP3里,10564120
2020-10-03,790992810,神秘者,2,7736960644,全民K歌热门点唱最火中文歌,1527118
2020-09-11,2641743954,雨.,0,7698865314,伤感 | 世界很宽孤独很满,1259617
2017-07-12,2055241314,故里有梦,2,2065383198,周杰伦最全Live大合集,14356379
2020-03-12,3158686117,舒昂✧,0,7469525551,原来有一首歌 真的能够听十年,4069916
2016-10-20,296265619,权小康,2,3499770793,那些年，我们曾抄过的歌词,28690717
2020-06-10,2264793042,森兔,0,7596261659, 戏曲风 | 一身清贫，怎敢入繁华,3291548
2020-09-10,3279923419,韶华东流,0,7711178055,听伤心情歌、能否唤起你爱的回忆,6026912
2020-09-12,467638189,蜜糖男孩,2,7713197902,王靖雯不胖：浅唱最痛的领悟,2724576
2020-03-05,3138960748,Lemon.,0,7448733889,古风 ：世事不过一场大梦,5321755
2020-02-09,2297095896,景随风,7,7419467158,悠悠草原风，豪放唱情歌,11306001
2020-09-28,1509623294,漪墨千點,0,7730059503,90后回忆笺 | 你是否会想起我,5513049
2017-04-10,593749019,关慕云,2,3533408316,电音天才Alan Walker作品全收录,18856598
2020-08-09,1873182795,尔听°,0,7670490103,短视频BGM｜动感十足抖起来！,1908559
2020-10-03,790992810,神秘者,2,7736621015,短视频强势破圈热歌合集（持更）,452578
2020-08-22,2830372369,无人区有人い,0,7678585060,经典典藏 | 听再多也不厌的老歌,1574662
2020-07-30,1923446402,⁣⁣⁣⁣,0,7657315127,粤语精选:令你无法忘却的回忆,5451518
2020-06-22,1126570844,吴景军,0,7610040516,伤感｜情歌唱红尘，酒醉一生伤,8246505
2020-05-27,3144485316,仄言_calm,0,7481854701,学习很枯燥，加点兴趣,6548290
2020-07-17,261740698,🦁云水月琪🌟,0,7636233090,80′s | 经典就是经久不衰,6219505
2017-08-10,3092816710,夏逝Depart ．,2,874674982,「私藏英文」陪我度过漫长岁月的歌,13664694
2017-04-21,1834134569,毕业季王,0,3561102249,刀郎经典歌,7325342
2020-02-28,3428774265,Alice,0,6550622321,「 舒缓欧美 」给生活加点糖,1750940
2020-09-18,1357488878,情柔间眸.,0,7719392797,怀旧经典！让我们一起重拾记忆,1022735
2019-08-26,2063634880,隔壁路人都在听,0,7174018984,冷漠：情歌对唱精选歌单,7351048
2019-06-26,2982854755,算法火星哥,2,7060350025,苦情歌 | 心在想你眼在流泪,21091195
2020-09-13,3491139979,ʕ·͡ˑ·ཻʔ,0,7714410988,【温柔男嗓】只有和好没有如初,875173
2020-04-12,3540334230,乐迪,0,6758221344,潮牌DJ舞曲 ｜ 来自灵魂的拷问,19816746
2020-09-24,1522531377,PC12138,0,7725829709,300首华语金曲｜昨日红花今又开,44094603
2020-08-22,2722411508,说唱专区官方账号,0,7687765652,Free Out | 全是靠谱的小兄弟,82146
2020-09-25,1152921504969333469,莹火虫,0,7726094984,粤语热歌：好听到爆的粤语金曲集,1557228
2020-09-27,1791747120,Serendipity,0,7728880824,【伤感华语】后来终究没有后来,1642335
2020-03-20,3287132100,赢在起跑线,0,7483424306,《小猪佩奇》1-6季中文原声故事,9535983
2020-04-20,1950666740,★、╰︶,2,7530407537,DJ舞曲榜歌曲收录(持更),38094662
2017-07-26,3070783686,等待良人归~,2,2671455045,「华语精选」那些年你单曲循环过的旋律,36427559
2020-08-01,2277064172,琴锁今生@,0,1325548712,经典老歌｜把回忆酿成烈酒入喉,1618464
2019-06-28,2982854755,算法火星哥,2,7060350461,车载DJ | 车内嗨翻天，车外响遍天,18446420
2020-09-01,1453377869,可乐不乐,0,7701663992,喜欢你，渐渐只是我的独家记忆,6931654
2020-09-02,3104417409,Q音音乐人,2,7702184967,古风精选丨春秋山河与岁月同歌,2364656
2020-06-21,1242012453,自渡·,0,7608644303,钢琴曲 | 听安静治愈的旋律,2939514
2020-09-27,1750649530,李律川,0,7728891950,午夜蹦迪必备 · 我是最靓的崽,2388277
2017-08-10,3432418715,西瓜撞地球。,2,2372395808,「华语经典」老歌里是满满的回忆,32778501
2020-07-05,1441938062,错过的、再也,0,7622426118,民谣精选：民谣里的爱情故事,5696397
2020-05-29,2719188226,青青子衿,0,7581199837,助眠纯音乐 | 拯救失眠患者,4097824
2017-07-12,2069161301,花零落,2,1167623725,「民谣」孤独的旅人，诗意的远方,19219482
2019-10-11,2803448521,来点音乐续命,2,7228621673,草原情歌 | 骏马上的豪放柔情,4064653
2020-09-15,1816517060,K.,0,7716374345,【伤感】一个人偷偷听一个人流浪,1072946
2016-12-06,1729178127,TPS Tplayer,2,2939967105,一路上有你，致心中永远的学友,2813875
2019-11-24,1097940635,꧁এ虞七姑娘ོঞ꧂,0,2378889986,一首歌承载着心底多少回忆和故事,5445119
2020-08-28,2603652829,藤原ふじわら 千花ちか,0,7695268364,伤感片段：苦爱无果，心伤冷如霜,1595283
2017-08-10,2826947545,Forever /,2,2372395412,「国摇入门」那些年少值得铭记的经典,4835800
2020-08-07,1147038828,草离子,0,7667567006,劲爆DJ｜音乐一开，只管摇头嗨,21003870
2020-08-12,3439774664,盼眄.,0,7674045078,华语伤感 : 还是没陪你走到最后,37459273
2019-09-17,3162951975,天天都放假,2,7199069221,伤感情歌：把心门紧锁，再不触爱,2369730
2019-09-23,482219519,K先生的猫,2,7222826654,热歌向：你一定都爱听这些歌,58772103
2020-05-16,452775188,还不是因为你长得不好看,2,7565755059,收藏量100w+韩语热歌合集,15143512
2020-06-30,497697572,柠檬少年,0,7620039834,庄心妍 | 跟随内心做自己的女王,4868463
2020-05-28,2845093106,顾玖儿.,0,7580207042,品茶之道，悠心古琴 | 巫娜,3311605
2017-07-12,3545474218,漂洋过海来看你 ?,2,3267181388,「陈奕迅」请用心，听不要说话,23764456
2020-08-13,2456454417,微笑,0,7676434937,温柔女嗓丨一点一点占领你的心,3510718
2020-03-10,2085444145,阳光少年,0,7467921363,健身必备：免费下载的节奏BGM,8448572
2017-12-26,1182030515,旁白,2,3613980452,站内评论999+民谣歌曲,8639926
2020-06-07,2927431778,Apollo,0,7592417060,国粹戏腔｜曲尽人散，独唱戏还,6063932
2019-12-04,2297095896,景随风,7,7326793550,青春校园记忆，回不去的昨天,6159388
2020-06-27,2297095896,景随风,7,7615273724,青春励志｜敢梦敢当，我辈自强,1731963
2020-07-08,41556996,肖元斌,0,7630229758,经典粤语：少时记忆中的港台歌曲,2393551
2020-06-26,3282723161,🍃Etherealゞ,0,7615910374,「曼妙电音」任思绪在星河中遨游,399341
2020-04-28,995702579,星空,0,7542447663,粤语精选: 岁月如流不复返,2660752
2017-10-19,571909234,Seve7n Day Rock,2,2081165951,听歌测年龄！单曲循环过的都别装嫩了,57840833
2020-02-12,3202253026,凌然霄,0,3705423543,超燃电音|我独自一人处高峰,4191664
2020-02-15,153309323,韩普通PuTun.,0,1655141970,「华语私藏馆」你与残局皆是遗憾,5683710
2018-02-08,3083067593,冬天吃了秋天,2,3716447185,我好想学习啊！熬夜必备百首英文,79993055
2017-07-26,2955143385,晴天love,2,2372395482,「学习专用」写作业不分心的安谧纯音,21786945
2020-05-15,1152921504867105141,帅᭄᭄ꦿ,0,7562697445,不怕新歌出的多 就怕老歌配DJ,42527977
2017-05-05,1626194497,泡查音乐,2,2960651758,欧美成名曲珍藏版‖ 一首歌爱上一个歌手,29316882
2020-08-15,1147038828,草离子,0,7678252904,激动的心颤抖的手跟着节奏一起走,7347825
2019-08-26,2063634880,隔壁路人都在听,0,7174019428,苦情歌 ｜ 心在想你眼在流泪,6179626
2017-08-10,3092816710,夏逝Depart ．,2,874673541, 燃烧吧脂肪，运动健身走起,11627681
2020-05-27,945187827,念安娜,2,2858018649,张学友：歌神伴你度过的情歌岁月,15271678
2020-03-11,345211567,Li供养,0,7469197010,站内评论1W+的流行歌曲,25317716
2019-08-28,2138595535,你的歌单我承包了,0,7167575862,回忆金曲，70后KTV必点,9098330
2020-10-17,2446523656,幻菱,0,7750666971,【甜蜜情歌】因为有你，期盼余生,909751
2020-07-28,467638189,蜜糖男孩,2,7654534972,五条人乐队：国际范的“塑料味”,1992326
2019-12-12,2184870660,北城相拥-,0,7334948005,伤感情歌｜总有些歌听到想哭,14154453
2020-06-12,1152921504728223890,坠叶飘香,0,7192692099,【粤来香】甘醇似酒，韵味无穷尽,2169544
2020-04-01,2017358605,Paper Rings,0,7468186936,实力女团，blink专属,4726333
2020-05-20,1498030674,星野一,2,7570659434,伍佰＆China Blue 精选集,5038871
2018-09-14,3248641960,MouYong LynLyn,0,4794747052,车载必备：无损粤语经典,18728193
2016-10-20,3462048437,有梦不难,2,2918729634,重温粤语经典好歌50首,64077255
2020-06-10,1371887665,楠羽.,0,7595923629,B站热门BGM：极致的听觉盛宴,6933469
2017-02-24,2817242089,雀斑少女...,2,3531269917,心跳乱了节奏 最爱林俊杰,22452974
2020-08-28,2505222405,Thousand.,0,7655302463,伤感／谁能够毫不妥协地活得轻松,1017119
2020-08-03,1152921505002109802,糖糖觅星云.,0,7663072376,[韩语快歌] 提神醒脑必备,5669229
2020-01-08,1498030674,星野一,2,7373192968,伤感民谣丨都市青年深夜自愈法则,2741003
2020-08-27,1522531377,PC12138,0,7694482151,粤语众神：最动情是把我唱给你听,1154143
2017-08-10,2783670800,听听看,2,874675225,「韩国」大势女团的人气代表作,15846132
2019-04-25,517282940,梦醒时分,0,735097093,四百首粤语经典老歌  有很多双语版都有的歌,16073929
2020-04-13,1152921504885597952,Sy.Fantcalty,0,7157170508,3D环绕丨戴上耳机任它左右轰炸,1693226
2020-08-29,2722411508,说唱专区官方账号,0,7688087842,《说唱新世代》歌曲合集,23222514
2020-04-17,1837104394,是学姐吖,0,7526065605,抖音最新最热车载DJ合集,108273621
2017-08-10,3345119034,旧巷与猫,2,2067203923,「怀旧」属于85后的青葱岁月,21261163
2017-02-06,1614701077,Avicii,0,2949156952,华语|一听就爱上的旋律,26284449
2018-06-12,1600189472,HDM Fans,2,4159158106,一觉睡到自然醒！助眠柔缓纯音,15421097
2020-05-15,3037164132,邺欤,0,7537296535,[翻唱]短归短，好听也是真好听‎,29573712
2020-10-16,1760878626,给你推荐最好的,0,7750253020,睡前治愈：灿烂星空不如美梦一场,1687001
2020-04-02,1950666740,★、╰︶,2,7503750109,全民K歌金曲榜歌曲收录(持更),45858396
2016-11-02,2895785976,幻听,2,2638109131,别气馁，经典国语好歌为你加油,4745147
2017-04-11,945187827,念安娜,2,2869759650,50首钢琴曲伴你轻松入眠,68709662
2020-05-20,2692156904,孟冬,2,7567475864,最大的勇气 ：你说分手，我说好,4241779
2019-04-23,1787384289,万年蹦野迪,0,6946776962,李宗盛 滚石精选集,12695153
2020-09-22,1371887665,楠羽.,0,7724187323,热门车载音乐：一键驱走你的困意,4043385
2020-07-05,1152921504762804301,蒋云天,0,7624635863,「回味老歌」那些怀旧的经典歌曲,6199671
2020-01-22,3097158011,苏泽宸,0,7207429940,有人见到尘埃，有人见到星辰,1573200
2020-04-22,2259179931,月島,0,7513696064,『古风』 绕指柔情 刹那芳华,2143169
2020-09-13,1453377869,可乐不乐,0,7713333137,后青春期的诗，回忆夸饰着伤感,6983221
2020-04-30,2310064106,Xixi_小兮兮兮兮兮a,0,7534661884,『伤感国语』你走了不再回头,1948619
2020-08-20,1454119853,是y在熬我,0,7582167934,流行伤感 | 音乐谱写爱情的心酸,1533076
2019-03-29,695636314,玄冬Bw,2,6887998535,谢谢爱过，余生各自安好,40537025
2020-04-27,361077359,芒果先生,0,7538599997,一健钟情：拾光诗人李健,3333472
2020-07-24,909791486,顾染💤（退）,0,2629722368,欧美｜慎点！飙车专用动感音乐！,1892004
2020-03-28,498877906,狗贼,0,7496715710,一曲李宗盛 · 抚摸女人温柔心,3260273
2020-02-26,3138960748,Lemon.,0,7447224642,怀旧：听经典老歌，感似水流年,14407822
2017-08-18,571909234,Seve7n Day Rock,2,2071394673,游戏高燃BGM：赛场夺冠必备！,32823451
2020-05-15,945187827,念安娜,2,7564256630,轻松向：这些抖音歌你一定听过,19410387
2016-10-18,86010258,霜泧,2,3234547482,欧美｜月色氤氲迷人 沉醉慵懒爵士,3673528
2020-09-24,115157407,长风,0,7725657454,【中文DJ】开启耳畔新世界,6185951
2020-10-14,1152921505013260070,一曲,0,7748396278,治愈系/当阳光穿透乌云,84814
2020-06-20,2692156904,孟冬,2,7608334342,是心动呀！耳边华语女声呢喃,25104634
2020-09-07,3104417409,Q音音乐人,2,7677523286,新歌巴士丨给你不间断的音乐能量,1435925
2020-08-23,2069428611,你,0,7688612820,遗憾吗？我们就这样谁也不理谁了,3580431
2020-09-21,1152921504680359795,香菇,0,7722797360,蹦迪嗨曲｜拥抱狂欢，放肆玩乐,1879607
2020-07-07,2315190116,颜陌,7,2596840472,热门车载DJ：放松紧绷的情绪,38499010
2020-07-10,2896444587,温柔,0,7632667276,「翻唱」那些温柔入骨的翻唱片段,10094972
2017-11-22,1367363703,就是爱音乐,2,1786039591,『粤语男声』重温旋律，回味经典,69318513
2020-04-15,3077344505,精彩华辉,0,7312068130,伤心的时候，真的可以听情歌,7339200
2019-04-06,1972554042,z,0,5191446335,[超火BGM]热门歌曲捕捉器,5507364
2017-08-10,2176235807,狂奔的蚂蚁,2,2968770800,「怀旧情怀」华语老歌的辉煌年代,28476851
2017-05-26,1605570521,Liquor.,0,1157503878,纯音乐钢琴曲:刷题必备 失眠良药,4468494
2020-10-09,2562406741,Vuxa,0,7743173298,节奏BGM：鼓点遇上绝妙旋律,2220886
2020-08-30,3077344505,精彩华辉,0,7698826019,「怀旧流行」都是青春的回忆啊,1731131
2019-09-18,2298105529,我又可以了,2,7199053194,【华语精选】岁月沉淀的佳品,7974943
2020-08-12,459725094,冷儿ོ,0,7675011649,经典 | 老歌最有味！我们永远18,9490937
