,createtime,creator_qq,creator_name,creator_isVip,dissid,dissname,listennum
0,2020/11/1,2188766429,是可妮a.,0,7767362229,国语 | 人间美好，日落和?2720435,
1,2020/9/1,354284502,此号被盗,0,7690031361,EA7车载 | 飙车党的速度与激?204110,
2,2020/12/1,3423662166,星航T,0,7800210639,奥特曼系列ol：汇聚银河之?62487,
3,2020/9/16,1924797443,晚乔,0,7591760875,情感│雨好大啊！我们都回不去?26354285,
4,2019/12/24,1127914446,青梦,0,7261817420,『b站阿婆主』宝藏神曲无限循?9521032,
5,2017/9/29,1812948313,私に闻いて风i,2,1781021825,每科都?9分！学霸专用的唯美の纯音,57134968
6,2020/5/4,2374133080,LANNÉ,0,7547485149,韩语 | 韩国各大厂牌顶尖作品,9947937
7,2020/3/23,864758248,一封情书给自己,0,7487200397,极致踩点丨B站高燃混剪收录单,5831628
8,2020/7/4,1556178653,八幡,0,7608075165,『电竞』带上耳机，个个都是传?11758168,
9,2020/12/8,3072237667,欧皇来了,0,7808176854,NME评：2020年最优秀?0首歌,284011
10,2020/10/6,1443329766,Arminius.,0,7739955818,蓝心羽｜如玫瑰般优雅高贵的嗓?336563,
11,2020/8/2,1309974854,　,0,7322622901,欧美女声 | 开口惊?入耳沦?10637181,
12,2020/5/23,2040793374,璃想?0,2075995542,忽然想起我们还没有好好道?8928664,,
13,2020/8/11,1350916312,仙儿,0,7673938741,国语 | 女孩子嘛就要听甜甜的?4956164,
14,2020/9/9,1.15E+18,必胜🤟,0,7708875728,时光留声机：90后都在慢慢老去,852606
15,2020/9/29,929284,温柔的神?0,7731188543,【游戏专属】闪开我要拿五杀,1175261,
16,2020/4/6,1022543731,热文?2,7510686711,夜独 · 四下无人时我也会崩溃,13944965,
17,2020/10/24,2042202855,凌晨三点?0,7758895754,热歌集丨落日余晖，待你而归?5821093,,
18,2020/7/1,1522729603,卋罖,0,7049802192,睡前音乐｜那些温柔翻唱的歌曲,2781524
19,2017/12/7,478695379,DJ顾念?3,3584864556,刺激不！老板上班都要偷偷听的百首热歌,17890165,
20,2020/6/4,1928949981,七喜,0,1136199129,[超然节奏] 无音乐、不游戏?1760712,
21,2020/11/15,3111491292,沐雨,0,7705310639,上单必备BGM:我于绝境逆风而生?197063,
22,2019/6/25,2827745225,智能算法大师,2,7060352909,社会?| 摇头晃脑，我是王?2665877,
23,2020/3/23,2660746954,乔冷,0,7485788455,粤语丨忘掉烦恼往事皆随风,6427214
24,2019/5/6,977423823,幼杀大队?,0,1551071404,流行 | 近年来火爆全网的歌曲,90976994
25,2017/8/10,3498192741,画船听雨眠～,2,1169458772,「欧美清新小调」吹进耳朵里的清风,4258109
26,2020/12/9,2979842415,桃Tao音乐?2,7808532987,Billboard编辑评出今年50大单?71636,,
27,2020/7/16,1826760032,Moriiecho,0,7640194255,霉粉收藏！霉霉顶流播放songs?767659,
28,2020/3/13,1498030674,星野一,2,7471755205,助眠纯音 · 香甜梦境催化?824044,
29,2020/8/15,312590452,石上优いしが?ゆう,0,7679032670,疯狂踩点 l 嚣张步伐的练成方?569366,
30,2020/9/23,1522531377,PC12138,0,7713973940,赌一包辣条，95后肯定听过这些歌,1153097
31,2020/12/9,467638189,蜜糖男孩,2,7808373086,Pitchfork?020最佳专辑Top 50,40204
32,2020/11/1,3427724427,北川同学,0,7767162979,催泪100% | 试图截图留住一?4156616,
33,2020/11/27,1.15E+18,菗の卜昰?0,7794926900,当年“血洗”qq空间的背景音?72838,,
34,2017/8/10,3050361411,古耐moon,2,1169467842,「古装影视曲」勾起你的怀旧情?8064468,
35,2020/4/22,1498030674,星野一,2,7532670538,一单打尽！Q音热搜榜歌曲持更?39528520,
36,2020/6/29,1.15E+18,无限电LMH🌈,0,7283856320,沙雕丨那些搞笑视频里的bgm合集,413696
37,2020/8/12,1.15E+18,☁️火星预报员☁?0,7651874828,温柔片段：我在人间贩卖日落?1287561,,
38,2020/11/3,1242012453,自渡·,0,7769012058,小阿?| 翻唱也不失歌曲精?5356673,
39,2020/10/7,814291832,念惜,0,7741493723,古风｜红尘千丈，诉不尽繁花似?1491511,
40,2020/4/20,749914525,Randolph,0,7478371305,超燃纯音 | 史诗级Battle,534722
41,2018/10/8,1220667525,安多,2,5217738880,《天官赐福》同人：明灯三千为一?8709643,
42,2019/8/23,2103461797,随꙰你꙰所꙰喜꙰?2,7136488611,「甜系情歌」融化你的少女心,7597925,
43,2020/4/10,1371887665,楠羽.,0,7516321215,钢琴与流行乐的唯美邂逅『持更?17037258,
44,2020/9/9,1.15E+18,必胜🤟,0,7709787690,90后怀旧|那些年我们曾唱过的歌,8091594
45,2017/1/16,120167780,xxxx.,0,850489245,易烊千玺单曲,9071849
46,2020/10/1,746503843,♪森❀森♪,0,7691851600,【宝藏男音?捕获你的小心??1393655,
47,2020/3/24,951337808,Future,0,7488993038,专注力百分百学习歌单 | 纯音乐版,3251995
48,2020/3/3,3138960748,Lemon.,0,7454774035,Trap rap : 慵懒气泡男嗓,2641010
49,2018/1/8,1079096147,超级?2,3634945575,致前任：你以为我不会走，我以为你会留,111634688,
50,2017/12/18,1367363703,秋水浮萍任飘?2,3604761333,入坑必听 | 古风一曲解千愁,11699229,
51,2020/7/10,2896444587,温柔,0,7633043823,「古风」一曲一场叹，一生为一?37347779,
52,2020/8/30,1966651916,爱听音乐♥秦小言支持国产动画?0,4235925035,《超然的BGM》游戏素材专?4870653,,
53,2020/3/2,864758248,一封情书给自己,0,7451573651,注入灵魂丨B站大佬们的宝藏歌?3665672,
54,2019/10/14,2720774621,Flipped,2,7254963443,『水逆退散』您的好运正在配送中,1427681
55,2020/10/3,892608619,Boom,0,7736982127,魔鬼低音rapper的情歌合?159186,
56,2020/9/22,1.15E+18,?0,7723989462,轻音?| 随着音乐旋律缓缓睡去,259423,
57,2020/9/12,2452164904,糯米?0,7712802404,治愈男音:挑战不心动男?5291034,,
58,2020/10/20,1.15E+18,🎄🐻熊小歪是涛涛🍑?ʕ暂退ʔ,0,7754460785,李飘飘合?| 可爱系暖心男友音,410913
59,2020/2/27,2235414701,张卿?2,7447666481,小众英文｜世间所有温柔涌向你,4991625,
60,2020/2/21,1950666740,★、╰?2,7428961315,百首流行 · 00后麦霸速成宝典,56464437,
61,2020/8/7,1878617607,✘✘,0,7236259943,欧美Rap | 炸街必备，走路带?310879,
62,2020/5/21,2174875328,Kobayashi,2,7567404842,200首校园歌曲：回忆学生的时?20038038,
63,2020/10/25,3209593870,廾匸,0,7759892956,能让人成熟的，不是年龄而是经历,2024903
64,2020/11/3,3429084452,自由摇摆节奏,0,7715823716,指尖温柔：岸部真明精选集,55746
65,2020/4/30,2374133080,LANNÉ,0,5142656683,EA7  俄式硬曲 | 车载低音 稳住油门,6335945
66,2019/12/24,1127914446,青梦,0,7267095757,「粤语热歌」港风新韵单曲循?11271470,
67,2019/9/17,3446073512,酸柠檬好好恰,2,7199061409,中国新说?| 这些现场都很炸！,823455
68,2020/10/24,2446523656,幻菱,0,7758029803,【催眠助眠】舒缓轻音乐伴你入睡,4495822
69,2017/3/19,1220667525,安多,2,2357765928,值得收藏?00首古风： 赠君一场千年梦,70244274
70,2020/3/25,2816821559,南穹羽玄,0,5922914682,节奏控：跟随踩点，秀大神操作,3419883
71,2020/9/13,2987408894,要做一颗星星✨,0,7714254773,小确丧｜一个人听完心碎?10991781,
72,2019/6/27,2958026496,个性化特供,0,7060354092,再喝一杯烈酒，然后忘了那女?554716,
73,2020/5/17,898981922,旅?0,7567649112,古风精选丨待花开之时再醉一?13184326,,
74,2020/4/15,1498030674,星野一,2,7520334743,短视频收藏过百万最热歌曲合?144238404,
75,2020/11/14,1924797443,晚乔,0,7728190368,能遇见你，是银河慷慨赠予我糖?79837,
76,2018/2/12,2797356293,河清净,0,1767321860,〖爆燃BGM〗引领队友走向胜?12800570,
77,2020/2/25,1498030674,星野一,2,7444822840,舒缓轻音 · 深夜入睡宝典,8598441
78,2020/8/25,3174948857,留恋夕阳与她,0,7691155409,高甜预警 | 你的奶瓶盖我承包?,200264
79,2018/4/7,1747907171,鹿仁,2,3811422464,静思音?| 清心凝神的日式纯?21284238,
80,2019/7/7,1924013694,颜词,2,7081701069,沉浸字符间：学习专用纯音,17244375
81,2020/8/19,2722411508,说唱专区官方账号,0,7683803627,Rich Brian | 宝藏说唱男孩,1258772
82,2018/6/15,2174875328,Kobayashi,2,4163453012,静心时刻：学习专用纯?10898881,
83,2020/10/13,2635732555,神仙妹妹.,0,7747870306,说唱｜甜度爆表的旋律说唱,141263
84,2020/7/7,2446523656,幻菱,0,7401064131,【沉迷学习】轻音乐的舒缓享?10862557,
85,2020/8/19,1131072037,许奕?0,7683698159,古风圈的那些入坑神曲，了解一?2144618,,
86,2019/5/24,3163854005,韩达?2,7004110454,韩剧OST女王的催泪神?1960034,,
87,2020/7/31,2747980541,?0,3749804459,? 你的声音是治愈我的最好频?3195302,,
88,2017/9/30,374763385,书童,2,2342784507,绝对典藏?00首欧美动感热曲全收录,116022493
89,2019/10/12,2686694837,再来一杯浓?2,7228611133,《蒙面唱将猜猜猜》Live精选辑,2258089,
90,2016/11/24,931905769,陈哲,2,3540484302,学霸必备：专心写作业 享受轻音乐好时光,53814087
91,2020/11/11,2248456253,Sy.雨轩,0,7776890034,一人成名曲：记忆深处动听的旋律,942088
92,2018/10/24,3308359265,古风圈里没有?2,5275391892,失眠疗养所 : 300首催眠纯?49638772,,
93,2016/10/20,1798583988,喜欢i,1,3147048266,让人释然的轻音乐（久石让?8504101,
94,2017/9/28,1185847270,汤圆?2,885955294,舒缓旋律，看书听歌两不误,1224275,
95,2020/6/1,1542897217,音为有你,0,7540641459,超燃欧美Music 提升肾上腺素,16156737
96,2020/1/14,3077344505,精彩华辉,0,7271994513,催泪系列 | 失恋时建议不要去?24428383,
97,2019/9/24,3269668970,绪井奈奈?2,7224170219,米津玄师 | 孤独天才的万丈温?6272756,,
98,2020/10/27,508312226,颜瑟.,0,7760717202,伤感片段：你是我贪恋的人间烟?1542435,
99,2020/7/1,1950666740,★、╰?2,7601045106,米津玄师 · 孤独里的寂寞烟火,2664944,
100,2020/10/3,3244149336,鹤辞?0,7737233393,“天晴了，而你还会回来吗?1811325,,
101,2020/10/15,166191624,经典小当?0,7746554330,旧时遗忘的过去，能否再次找回?519115,,
102,2019/6/25,2982854755,算法火星?2,7060356689,蒙面唱将猜猜?| LIVE版精选辑,2886466,
103,2020/8/11,1.15E+18,顾辞.,0,7617467932,歌单：也许这就是爱情?5409661,
104,2019/12/24,1186085891,要成为歌单王的男?0,7347300964,肖战 | 一笑悬命的少年,7261766,
105,2020/8/13,2030402442,Oblivion.¹³¹?0,7675468697,超燃舞曲?听说你想嗨到火星?692304,,
106,2020/4/28,1412551943,收集星星“🌟?0,7327965236,甜系女生：星河不及你的可?895887,,
107,2018/11/12,349915071,梅内?2,5137719959,苦涩Rap | 伤心的时候不要听 !,9881933,
108,2016/10/20,449218160,933?2,813783126,听了这些歌爱上了民谣,56624326,
109,2017/7/26,2043898887,叮铃?2,2968770765,「欧美」节奏控首选，耐听神曲,18769945,
110,2020/10/2,1.15E+18,玖九9?0,7734050019,怀旧韩?| 重温那些年的时代潮流,130486,
111,2018/7/2,294109499,冷山?0,4144081013,Trap Rap丨慵懒毒性的迷幻说唱,2980456,
112,2020/5/20,2838048352,欲落,0,7570155999,超好听的中国风，都适合单曲循环,20821621
113,2020/5/29,452775188,还不是因为你长得不好?2,7580864284,BLACKPINK出道四周年快乐！,9778770,
114,2017/8/10,3554431134,微笑似年?2,2067204248,一听就想运动，跟着节奏挥汗,3928471,
115,2020/8/3,1.15E+18,长街孤酒,0,7520963094,一曲惊鸿梦.古风醉人?3680686,
116,2020/8/5,3235957840,云与?0,7664975759,温柔男音：是人间烟火亦是宝藏,1201837,
117,2018/2/28,1262773020,𓅯存在𓆡,0,658033106,你已不在身边，我却彻夜想?1988986,
118,2020/3/11,3422928760,刚上完网?0,7461724996,纯音 ?放空心灵，回归自然之?373994,,
119,2020/10/6,2378187899,识趣.,0,6871787164,[电竞] 打野 射手必须听的战歌,3811033
120,2020/9/10,1714547601,鹿桉.,0,7711339742,丧感片段｜还没开始就结束了曆,2113152
121,2020/4/15,1725067421,林夕,2,7514171023,古风女嗓 | 怎敌你眉间一朱砂,3897356
122,2020/8/31,283319545,清言寡语 ¸,0,7242168276,热歌：何以解忧愁，唯有蹦迪摇?14513327,
123,2017/5/22,728180304,安逸风丶昂小白?2,2054255153,100首Spotify排行榜推荐欧美歌?22407732,,
124,2020/9/12,497697572,柠檬少年,0,7713821833,枪声版丨吃鸡神器，音乐带你刚,196168
125,2020/10/13,406453542,小妖的破皇冠,0,7710773647,国语 | 听着?远离喧嚣和寂?3530064,
126,2020/10/8,2747980541,?0,7742719665,片段：难不难过都是自己过.,709282,
127,2020/2/28,3471611867,蜜桃果酱,0,7447798892,没什么事做，满脑子都是你,782648
128,2017/12/4,1812948313,私に闻いて风i,2,1789636404,站内评论999+超热日语精?53918022,
129,2017/7/27,2563666097,醉心琳琅,2,2970622459,300首欧美乐坛典藏精品：首首火遍全球,98966337
130,2018/9/14,3239619075,歌单狂魔,2,4580773716,站内弹幕9999+欧美歌曲,149611724
131,2020/9/10,910801164,偏见.,0,7710032313,优质片段 | 入耳即沦陷的宝藏歌,2583990
132,2020/11/19,2490598732,望渔楼主（歌单狂妹）,0,7778278548,中文翻唱｜优秀与温柔共?613067,
133,2020/6/18,1446887291,Addictedtomusic,0,7605521080,国语｜有些人 一转身就成了永?12705143,
134,2020/10/30,3429084452,自由摇摆节奏,0,7715823988,玉置浩二：“殿堂级”情歌天?75174,
135,2017/1/31,1165584850,Eyes,2,850420414,［超好听英语系强势来袭］绝不辜负耳朵,27677963
136,2020/4/26,994067892,醉挽清风?0,7466539716,古韵：唯愿诗意满人间,12549115,
137,2020/7/15,1841393394,妖小?0,7639031610,国风｜少年义气，破冰斩千?627402,,
138,2020/9/18,2812190571,Cc,0,7457577258,片段 | 忙碌的生活也是一种乐?255199,
139,2019/1/30,2630637570,绯离,0,6555496668,做我的猫 | 乖一点就抱你,3338345
140,2020/9/20,1.15E+18,记得吃曜.,0,6878296713,霸气外漏 | 超拽背景音乐,104173
141,2020/3/9,2822129197,栖时,2,7264427386,待雪下时叙酣宴，请君饮杯霁夜?40973,
142,2020/8/31,1752319892,仙晚,0,7693153852,轻柔小众 | 愿你遇见所有的?180354,
143,2020/7/18,1587895789,🍃不朽?0,7642695693,【古风】人间恰似你的温?1312705,,
144,2019/9/30,1534433626,温柔,2,6255377857,吃鸡战歌 : 音乐响起 落地成王,7699406
145,2020/9/22,695636314,玄冬Bw,2,7723138577,国创之光！值得一看的国风动画,299022
146,2017/9/1,3050275225,温酒伴月?2,2380029102,YouTube最快达?亿点击量歌曲TOP 50,3566207,
147,2020/7/31,1924768924,独醉,0,7658004977,『中文丧系歌曲』放飞心情吧?3659,
148,2020/4/25,739620118,安与.,0,7537817618,古风清灵女声 l 故人?8818098,
149,2020/8/9,1.15E+18,走心了吗,0,7670780780,『欧美』沁入人心的安静旋律,2025419
150,2020/3/10,2282114278,请君为我倾耳听,0,7467921385,精选免费下载的国风好歌,10671532
151,2020/9/28,2933328894,梦追,0,7717078709,劲爆 | 疲乏无感，嗨曲调调赶?1218482,
152,2017/10/16,406893292,∮星￠草?0,1480298267,JOJO的奇妙冒险OPED合集（新增五部OPED2?7760443,,
153,2020/9/25,1562596275,风筝从云里来,0,7726401548,粤语经典丨时光沉淀的旋?6644286,
154,2019/11/9,3451226023,?0,4240872267,「王者战歌」上分必备的超燃电音,16565742,
155,2019/9/4,1808739114,AmroJie,0,7123372894,欧美:珍藏佳作 唤醒沉睡的耳朵,23084045
156,2020/8/18,1825869086,麻辣烫不要麻不要?0,7682122587,白小白：不念过往，不问归?2445595,,
157,2020/7/10,1810637814,颜?0,7633087213,【伤感歌单】听着听着就哭?4717602,,
158,2020/5/21,498877906,狗贼,0,7572021700,站内收藏999+的两百首古风?11908828,
159,2017/8/10,2845491591,一点绿,2,1169467887,?0后记忆」那些年少时光的华语经典,65872795
160,2020/8/6,3054828396,?0,7666338940,粤语经典：一起走过的友情岁月,10025746,
161,2017/1/2,745468154,CAI,1,1971999922,睡前舒心纯音乐哄君入?24649855,
162,2020/3/19,2241889895,周森,0,7482171878,DJ舞曲 · 就问你上头不上头,9587735
163,2020/7/20,1.15E+18,越夜粤冷,0,7644627036,90后粤语：越成长越懂歌?2664882,
164,2016/10/20,449218160,933?2,771161642,100首经典粤?回不去的青春,80614470,
165,2018/3/22,1214673117,小攀?2,3790000614,欧美精选：动感节奏，治瘾旋?26651540,,
166,2020/3/8,1.15E+18,Happy.,0,6949707670,下班来劲 | 来首电子，抛开烦恼,7310170
167,2020/8/26,746503843,♪森❀森♪,0,7691838312,耳机分你一个，想和你开启好心情,11853271
168,2016/11/3,1258496502,青蛙王子泡泡糖?0,1437721458,让人情不自禁的英文歌,63945964,
169,2020/3/10,2366812118,幸福的小麻花,2,7467921346,最懂你的心：免费下载这些情?17437527,
170,2020/2/6,2394516058,𝓐𝓾𝓻𝓸𝓻𝓪🌌,0,7414316444,『极致欧美神曲』为生活注入色彩,2253019
171,2020/3/8,2060774762,考官001,0,6960007429,『原耽』晋江同人猫耳FM广播?1190572,
172,2020/9/12,847303805,北星.,0,7713265613,人气爆棚 | 入耳即沦陷的温柔音,1824751
173,2020/7/12,2779690389,暮岁十三,0,7635706958,等君归兮 | 等什么君的神仙嗓?17268621,
174,2020/8/19,2937505134,准点星辰.,0,7456827936,古风院：恰似惊鸿落人?,2592154
175,2020/11/14,3510023506,仄言?0,7780457991,伤感翻唱：只是一厢情愿罢?390803,,
176,2020/6/8,1540287390,大众流行带你?0,7593039384,海来阿木?99+评论里都是故?8060956,,
177,2020/7/5,972508083,看好你的电动?0,4216387623,华语流行音乐8090KTV必点金曲,6813468,
178,2020/10/15,2235903855,Monotone,0,7749234780,伤感片段｜失去笑意成为一?1099698,
179,2020/9/3,2792808460,星语,0,7703132678,甜到爆表：专属你的小甜心,6115429
180,2020/10/3,3427724427,北川同学,0,7731828332,伤感 | 比悲伤更悲伤的是空欢?10827077,
181,2020/4/20,3521089778,墨九,0,7528887735,DJ宣泄?| 忘掉所有不愉快,8686762
182,2020/5/11,1.15E+18,like...,0,7534277656,KTV热门点播，看谁是麦霸,4933253
183,2020/11/7,1522531377,PC12138,0,7774205706,典藏经典丨一人一首华语金曲大?705081,
184,2020/8/4,2303204713,蓝莓 Cake,0,7663976060,华语伤感：我们真的回不去从前?1601920,
185,2020/2/19,1743959209,李呀,0,7434763564,华语怀?| 那些我们怀念的岁月,33039927
186,2020/10/13,3427724427,北川同学,0,7746458142,华语伤感 | 回忆回不去的记忆,2354388
187,2016/12/13,945187827,念安?2,2940304754,王菲：千言万语，不如幻乐一?12103994,,
188,2020/10/9,1249522308,梵高先生,0,7743630978,经典粤语｜追逐时代里的浪?2354761,
189,2020/5/10,1873182795,尔听°,0,7558452068,伤感歌单｜好想能够暂时忘?16472311,
190,2019/10/27,848155951,下次一?0,6944750120,节奏??俘获你耳朵的英文歌,17103836,
191,2020/7/19,201864118,芋泥啵啵奶茶,0,7643583752,神仙日语歌｜超治愈，猛女必备,2082458
192,2020/1/19,2399077390,恋恋风声,0,7380162076,海来阿木 | 一定要为自己写首歌,6309236
193,2018/8/13,1961769567,墨香,2,2972980860,粤语老歌 ?重拾港味金曲,10955621
194,2017/8/10,3440241624,青栀,2,2067204084,「经典」回忆港澳电影粤语原声集,19595415
195,2020/4/2,2749180238,违规女孩,0,7503734031,周深 | 温柔嗓音，清澈空?14472736,
196,2019/12/11,2891427638,远方的琪?0,7334544754,遇见韩宝仪后，回忆都是粉红色,551102,
197,2019/12/17,2685406571,综艺live?0,7337211895,精选live ?请收下这个毛不易,11047704,
198,2017/8/10,1932639570,青春for young,2,874673790,「经典粤语」渐渐被遗忘的金?26789239,
199,2020/8/27,584223742,白色大衣,0,7694635551,华语歌迷必备——李宗盛Top20,5727382
200,2017/2/24,1245280330,花痞,2,857253164,200首华语金曲，你一定在KTV点过这些?503602118,
201,2017/1/17,2959134137,柳云?2,2945273090,回味经典！品尝岁月里的美?13963951,,
202,2020/9/18,3364217504,太郎.,0,7719472632,喜欢的歌静静听，喜欢的人静静?2039603,
203,2018/1/29,498877906,狗贼,0,2661465923,赵雷 · 你的民谣我的生活,2745146
204,2018/5/1,1433218437,猫九,0,2962708139,王者荣耀 | 峡谷乱杀必备BGM,7771234
205,2020/6/8,452775188,还不是因为你长得不好?2,7593461012,《斗罗大陆》原声合?2549982,,
206,2020/8/11,1.15E+18,婉羽.,0,7627176238,"电竞｜超燃BGM,站在巅峰之颠",724396
207,2020/8/17,2162294687,清樱°,0,7681560478,【伤感片段】我曾几度的眼眶泛红,5140663
208,2020/7/26,1.15E+18,走心了吗,0,7652168005,『戏腔』红妆已淡，戏涯已了,6927457
209,2020/2/27,3269668970,绪井奈奈?2,7447915112,?4届日本金唱片大赏,159526,
210,2019/11/8,259249381,叶洛?7,7289611354,快手老铁们都在听什么？,11340291,
211,2020/6/10,3054828396,?0,7233029979,粤语流行?0后的独家记忆,13407815,
212,2020/10/30,3244932711,将离,0,7574442026,伤感丨偶尔需?从未重要,1257620
213,2020/6/23,1.15E+18,上善若水,0,7611863737,古风 | 星辰坠落大海不及?15995820,
214,2020/2/12,807250000,丢丢㊗️小人?0号生日快乐?0,7418320825,有一种悲伤：笑着与你分开,19147100,
215,2020/9/2,3405305245,曹操,0,7701477881,伤感片段:每次夜晚还是会想起她,2975923
216,2020/6/14,497697572,柠檬少年,0,7567257350,车载必备丨动感燃曲，精神无忧,29109893
217,2019/6/4,1653099231,不白,2,4246958569,【入耳沉醉?猝不及防的心?56243431,
218,2018/3/19,1214673117,小攀?2,3787670938,评论999+的欧美歌曲（持续更新?87035173,,
219,2020/9/3,458991666,飞行棋的猫mor,0,7703735540,伤感之季：终究成为熟悉的陌生?1257857,
220,2020/8/3,2020398259,niceee,0,7662200751,欧美｜致幻女嗓·致瘾电?3054871,
221,2019/9/10,2641188037,冲向KTV,0,7174020819,情怀老歌 | 陪伴你青春的人还在吗,9536257
222,2020/2/17,1083284863,北鹤,2,7407371797,人气爆棚！直播时爱听的热?24409450,
223,2017/7/12,3050714894,风信?2,2065383446,一首歌，让你重回港乐黄金年?33992503,,
224,2019/9/12,2298105529,我又可以?2,7199052129,流行经典 | ?0后的青春岁月,16661821,
225,2018/4/1,3239619075,歌单狂魔,2,3806287274,你听得到 —?周杰?159038851,
226,2020/6/7,3380158609,Null,0,7591719847,粤语经典 ：哪首曾让你心动过？,6451980
227,2016/12/16,872386391,Rio,2,1141575907,[Vae]孤独时请享受来自许嵩的完美声?22914181,
228,2020/10/5,1659619968,?†ฅr̶ 盈涵丽雪,0,7738713759,【陈瑞】疗伤歌后的倾情演绎,726852
229,2020/10/2,1346006378,/ 砕城瑣?/,0,7734673983,绝致电子｜戴上耳机开启幻世模?1241504,
230,2017/5/23,244860443,Kiss Me,2,1762735983,游戏BGM: 辉煌时刻，带着激情去战斗?10922507,
231,2020/4/12,1756632996,挽歌.,0,7096345827,伤感 | 有人惊醒凌晨,4454372
232,2020/5/25,410284087,krystal,0,7576814962,华语精?| 那些年我们最爱的?40023341,
233,2018/4/10,1214673117,小攀?2,3822846160,「忘原唱系列」惊艳耳际，一秒倾心,63187094,
234,2020/8/23,976006064,whosethatcat,0,7688758609,华语00-05｜穿越回校园时光,8834004
235,2017/7/12,3450463686,我的世界,2,2669638628,感激遇到你，不可错过的粤语歌,15022828
236,2019/4/21,1757456989,Someone,2,6946005790,王者荣耀 | carry全场首选BGM,135558058
237,2020/9/20,1.15E+18,玖九9?0,7719937962,【精?0首老歌】岁月留声忆往?2098749,,
238,2020/3/25,467578052,咸鱼大饼?2,7490861394,热歌车载DJ：出行路上一键解?80263551,,
239,2020/6/27,354284502,此号被盗,0,7616560475,中文嗨曲：跟着音乐的节奏摇起来,40195360
240,2020/7/5,411047551,WLDd..,0,7627127271,【听韩团音乐】pick本命?3298819,
241,2020/4/2,1143565332,天青色等不来?0,7504804133,励志 | 坚持逐梦，不负光?4274086,,
242,2017/2/8,2455175706,胸毛少女,2,2652083001,百首值得静听老歌：我被青春撞了下?131596407,
243,2018/4/5,2135713128,Soundwave,0,3783755614,00后动画片主题曲——动画片又开始啦?10269279,
244,2020/8/29,2779560835,李怼?0,7696704118,甜度100%:已收到你的恋爱讯?3795006,,
245,2016/7/22,2590820558,、叶 ?2,3223527609,KTV点唱率超高的华语金曲,15518708,
246,2016/11/2,3052396255,且听风吟,2,2339014155,【经典】回味记忆中的内地流行启蒙金?8947119,
247,2017/7/12,2766689457,one day,2,2966940631,「深情粤语」惊艳了耳膜，温柔了岁月,11075532
248,2020/4/8,3181838466,?0,2683955247,开车听一?交警后面?1313093,,
249,2019/6/17,3212139410,欢脱小兔牙七?2,7043214437,缘分淡了，我们终究敌不过时间,38758724,
250,2016/11/24,1220667525,安多,2,2341852814,粤语金曲：似酒般时光流逝愈发香?22822934,
251,2020/3/5,2104363541,瞄准°（暂退哦）,0,7149783625,治愈纯音?| 所遇皆温柔 ?,12548690
252,2017/7/12,2107448067,妮酱,2,2966940831,歌声永存，致敬beyond经典,12377853
253,2020/9/28,1.15E+18,玖九9?0,7729163155,华语经典 | 重拾90后的青春记忆 ,3323720,
254,2020/8/15,1.15E+18,hiby,0,7677966290,聆听经典粤语老歌，回味旧日回?11817753,
255,2020/4/15,2564690668,贩卖星球?0,7521828223,深度睡眠 | 来自灵魂的浅?2349573,,
256,2020/5/6,345211567,Li供养,0,7552769936,张口就爱上，这些翻唱火爆全网,21448146
257,2020/8/7,287610585,九离,0,7666219226,伤感华语｜深夜一个人的悲?26210229,
258,2017/8/10,3480319694,[ 承蒙时光不弃 ],2,2067204233,华语流行KTV必点金曲,94196008
259,2020/8/16,2836337885,?0,7673177442, 失落歌单｜她说过不会骗我 ,13045897,
260,2020/10/18,927364891,发酵,0,7753190502,[游戏战歌]高燃节奏开黑必?1176683,
261,2020/4/17,492180382,音巢阿呆,7,7519315701,DJ车载嗨曲推荐 | 持续更新,54415736
262,2020/9/7,2044232402,Palpitate.,0,7569781987,【失恋】哪首歌最刺痛你的?1462911,
263,2016/11/24,3013762077,👉社会你大姐?0,2935317436,蒙面唱将猜猜猜【全集?8774626,,
264,2020/8/28,1.15E+18,莹火?0,7695177222,百个伤感，有没戳到你心中回忆?19775727,,
265,2020/7/1,1562596275,风筝从云里来,0,7594729500,祁隆丨百姓心中的亲民歌王,3208266
266,2020/4/15,2283047426,难赴清河.,0,7500523777,优质片段：抬头所见，尽是温柔?5603388,
267,2020/6/5,2845093106,顾玖?,0,7590322091,余韵悠长 · 萨克斯纯音乐大全,3550598
268,2019/8/29,1.15E+18,Sunday,0,7178979179,王者专属！上分必听BGM,14096288
269,2017/7/12,2466494164,乖宝小兔?2,2065383379,「林?黄伟文」金牌作词人，巅峰作品赏,8478144,
270,2020/9/17,1926566586,奶粉傲?0,6132955871,经典老歌｜滚石经?留念当年,7915961,
271,2017/2/23,3531334299,叫思念不要?2,3552637530,《歌手》现场打动人心的歌曲,2876728,
272,2020/11/6,945187827,念安?2,7772286665,最经典｜那些压箱底的华语老歌,7356308,
273,2017/6/18,931905769,陈哲,2,3566830427,经典国语300首：等待也是种乐观态度,418082346
274,2020/10/14,2437932705,Hugo 雨果,0,7748524913,「伤感」我们终究还是错过了,667650
275,2020/12/4,1.15E+18,莹火?0,7803161503,学习 | 纯音 | 助刷?00分必?174032,,
276,2020/9/10,910801164,偏见.,0,7710032695,宝藏歌曲 | 星辰闪烁 云朵温柔,6445350
277,2020/4/14,1834936922,顾怀?2,7517834004,经典怀旧：来自95后的粤语情结,15837787,
278,2020/9/9,1811930154,Mamba,0,7709682667,华语经典丨浴室麦霸必点金?20950558,
279,2020/6/10,1834936922,顾怀?2,7344552081,伤感片段：我们应该不会再见了,32054906,
280,2018/2/28,77734432,Xie Eric,0,1414981002,BIGBANG精?8083238,
281,2019/6/25,2827745225,智能算法大师,2,7060352945,钢琴纯音 | 宝贝快睡觉吧,2993483
282,2020/12/4,3413833718,腾讯音乐?3,7803122183,冬日点歌台：好心情每天照常营?48472,,
283,2020/8/1,1295613126,小林ovo,0,7647309493,「王者荣耀」上分必备热门BGM,3753612
284,2020/5/26,1.15E+18,K,0,7536389763,华语摇滚｜百团精选邂逅宝藏乐?3785845,
285,2020/11/20,1946857276,听她迂回,0,7574241116,单依纯｜纯心相依，永不单?6517935,
286,2019/8/26,2641188037,冲向KTV,0,7174020835,怀旧经?| 这些老歌你听过几首？,11906085
287,2020/12/1,1.15E+18,Carbine,0,7800289269,某日起，故乡再无春秋也无夏?49794,
288,2017/3/11,571909234,Seve7n Day Rock,2,2051746512,游戏高燃BGM：别拦着我，我要上战?50436994,
289,2017/7/12,2048587391,?Boom?,2,1168817293,「跑步音乐」蒸发汗水的活力节奏,7669569
290,2017/3/31,1245280330,花痞,2,861218535,400位华语民谣歌手，一人一首入耳曲,66479564
291,2020/4/14,3410958418,小海?0,7522198562,抖音热门 | 最新国语热歌精?139718904,,
292,2020/8/21,1479974596,我百发百中ﻉ.,0,7686391783,ROSÉ朴彩英，四季温柔不如?1102032,
293,2020/10/23,2896444587,温柔,0,7757000582,KTV珍藏?0/90后怀旧经典老歌,1013756
294,2017/7/26,2046224093,心如刀?2,1769768332,「欧美」听一遍就会跟着和的英文?116547984,,
295,2017/4/29,1257702551,Ava.H,2,1124917552,咖啡馆·静谧悠闲的造物?18067514,
296,2020/6/5,452775188,还不是因为你长得不好?2,7590418564,赵雷：不随潮流的势头去附?8044379,,
297,2020/9/6,2638819171,王亚?0,7707299180,伤感片段｜可惜没有如?20223704,,
298,2020/3/10,2366812118,幸福的小麻花,2,7467921334,麦霸：收下这份免费下载的KTV金曲,12554190
299,2020/11/25,2185430030,winner,2,7793416142,雨ヽ声｀柔软ヽ做一场采样的?130999,
300,2020/5/27,1526977475,2％✔,0,3614772046,ACG | 火爆的动漫主题曲精?5943618,
301,2020/7/16,184154657,Warmstill,0,7640173696,疏远不一定是讨厌，或许是太喜?17881189,
302,2020/10/9,2134718135,‭遇?0,7743623034,伤感合集 | 有人疼才有资格闹,952962,
303,2020/9/6,2638819171,王亚?0,7707333775,神仙翻唱 | 竟然比原唱好听系?3070778,,
304,2019/8/10,1973492956,chase,0,2629573829,[平成主题曲全]假面骑士,4746552
305,2020/9/27,3470650733,沐恩,0,7728644076,伤感片段：总有一瞬间悲凉,7983140
306,2020/8/27,2799305121,roses_are_rosie,0,7693675046,南韩超火女团：燃爆全场只需三秒,1273078
307,2019/8/27,942973835,今日起消灭歌?0,7174017502,华语老歌  | 一?0后眼波里的经?19165334,,
308,2020/2/24,644431062,扑通大机灵,0,7441184789,洗脑DJ神曲，入耳就停不下来?10744283,
309,2017/3/29,544169694,?s   ?2,1983842486,百首单曲循环听不腻的经典英文歌曲,104109689,
310,2020/6/8,1.15E+18,张西?0,7593440504,记忆里的青春?0后回忆录歌单,2538140,
311,2020/8/26,318522630,✎ℳ๓冷雨✾,0,7639582386,伤感片段：我们也许不会再见了,1068455
312,2020/10/4,1.15E+18,香菇,0,7737281089,经典老歌Dj 睡什么觉，起来嗨?1004117,
313,2020/4/17,1834936922,顾怀?2,7468556138,时光故事汇：回放95后的那些?23405420,,
314,2020/4/10,2629955098,温文,0,7515885075,爱过后，终究一人熬过低?2172025,
315,2017/8/10,1185847270,汤圆?2,874673168,「韩国女团」韩饭必收的人气代表?15991827,,
316,2017/7/12,3543584387,Lio_seven,2,2966940476,「华语」喜欢林俊杰?86个理?35557501,
317,2020/10/27,2286443537,你的小韩?0,7761620435,?| 孤独且深情易上瘾,963656,
318,2019/8/6,1600189472,HDM Fans,2,6938777666,Carnival：投放舞池的躁动引擎,14287392
319,2019/8/14,2286023713,瞎扯乐团指挥?0,7153532902,大学自习?· 若有安静纯音相伴,2387442,
320,2019/11/6,2839713938,?0,7171876874,跌跌撞撞奔向你却又不得已离开?13011065,,
321,2020/9/17,945187827,念安?2,7718266717,抖音热门｜便利店里常放的?48655965,,
322,2020/7/10,359513022,槿凉薇浅,0,7404199684,伤感丨可惜还是到不了最后了,6914969
323,2020/9/2,1474926692,THiwang,0,7702268807,伤感情歌 | 来不及牵住你的手,4364667
324,2019/12/17,2949109278,Magic,0,7344070915,『王者carry』荣耀之路你我并肩,5823302
325,2020/11/29,2756589227,峪果,0,7797109673,※唱片店特供?健胃消忧片♬ ,63191
326,2020/7/16,3174948857,留恋夕阳与她,0,7639772721,「古风」浮生若梦，为欢几何,5797329
327,2020/10/16,1749913494,天天天天天天天蓝,0,7715815293,阿悠悠丨旧梦一场，空离?786929,
328,2014/12/3,330948883,H.Jade勺子,0,1632363509,张学?0年十大金?19743151,
329,2020/7/31,1366486942,縂鉰の囧rz,0,4176633716,「硬核战歌」无电音丨不游戏,1801074
330,2020/6/9,1506498837,Breath,0,7594912510,心跳加速！做梦都想哼的神仙歌曲,6543950
331,2018/7/17,2437910260,谜一般的年轻?2,4213000588,西西弗书店的英文歌单列表,5773934,
332,2020/10/16,987674549,小众又怎样,0,7749323780,睡前纯音：灿烂星空是宇宙的温?2624252,
333,2019/10/21,2532239618,筑梦?2,7252366497,经典老歌 ?重温80后怀旧老歌,22886853,
334,2020/9/8,3105755826,知足常乐🍰,0,7478361377,爱情十有九悲，愿你是他的偏爱?13853457,
335,2019/6/28,2958026496,个性化特供,0,7060353064,DJ丨苏荷酒吧夜店电音舞?28597213,
336,2016/10/20,2467299540,音乐贵族,2,825608302,经典情歌，唱出男人最深沉的爱,54756736
337,2020/4/30,3556539790,林兔,0,7534235192,巅峰人气｜快手最火国风歌?5373595,
338,2017/8/10,3050999021,淡白的阳?2,1169458964,「国语怀旧」情感在老歌里沉淀,62906069,
339,2020/8/13,2276943843,锥生?0,7675729844,伤感片段 | 时间和我都是罪人,53346892,
340,2020/6/13,1834936922,顾怀?2,7595409313,伤感片段：快乐就到此为止?51196403,,
341,2020/6/8,2225251691,温冬（沐凡家?0,7593082970,纯音乐：适合学习时听的音?6435156,,
342,2016/12/3,304513351,岸浪情拍,2,1140056433,陈奕迅：用我的歌来治愈你的伤?15345894,
343,2017/9/11,2742568821,Zona,2,1178813856,每个人心里都住着一首李宗盛,11161916
344,2020/8/26,211856498,骚君,0,7400391821,精神小伙2.0╱BGM,4735670
345,2017/7/12,2105165064,水手怕水,2,2065383442,「粤语」回味叱咤乐坛的经典,29419194
346,2019/9/11,1327537429,拯救不开?0,7198809344,英语流行 | 最想分享给你的英文?20345067,,
347,2020/7/8,2037943503,熊猫听歌,0,7630303474,抖音新热门｜萦绕在耳边的旋?95276001,
348,2020/8/16,261740698,🦁云水月琪🌟,0,7679101873,交警小姐姐说控制车?交出歌单,6423873
349,2017/10/17,446570770,夜色很好,2,845447312,EDM百大电音风暴节奏点燃全场,15606692
350,2018/9/11,349915071,梅内?2,4713458141,宋冬野：才华横溢的孤独回?17446710,,
351,2020/3/26,864758248,一封情书给自己,0,7489569642,纯音?00首丨绝伦旋律 美妙动听,11507275
352,2020/10/4,312051938,小明同学,0,7737374038,K-POP｜超好听的女团热歌榜,686312
353,2020/1/29,3449929622,Not serious兔姬,0,7275679373,纯音乐（助眠）轻音乐,8141476
354,2017/8/10,3050275225,温酒伴月?2,2372393474,粤听粤有味，首首动听,15996089,
355,2020/9/19,1.15E+18,玖九9?0,7719975222,粤语怀?| 少时回忆?957758,,
356,2020/3/17,1022543731,热文?2,7478458286,盘点短视频中最火的dj全收?76413956,,
357,2020/4/22,2297095896,景随?7,7529982138,华语经典｜九十年代盛行的歌曲,47193025,
358,2020/8/14,2303204713,蓝莓 Cake,0,7677288159,抖音快手热歌 | BGM弄潮?30860877,
359,2020/9/25,3122137481,MYANSWER?0,7726712921,伤感｜你听，这是我心碎的声音,915541,
360,2020/6/15,3521089778,墨九,0,7602241849,车载DJ丨无拘无束，潇洒自由,26820504
361,2017/7/26,3050342203,秋名山神车手,2,1769768734,「许嵩·徐良·汪苏泷」青涩校园回?31363039,
362,2020/6/8,1186252579,一?0,7328043306,90后回忆杀 : 落了尘的青春,13669539,
363,2017/8/3,1264619163,づ—³搁浅✧٩,0,1533954251,日语 ?耳机炸裂的ACG动漫,3267850
364,2020/7/30,1756465016,知音♥️,0,7656736228,经典老歌｜岁月留?老歌入?6240755,
365,2016/10/20,1437733414,Neru,0,2001766549,听到请回?988,13828950
366,2020/7/17,498877906,狗贼,0,7641951227,华语杂货铺：哪首是你的单曲循?4033821,
367,2020/9/20,2487348299,亦凡?0,7721265208,网红神曲！藏在耳机里的免费热歌,3847644,
368,2020/6/29,1.15E+18,走心了吗,0,7619490291,『华语催泪』音乐谱写爱情的心酸,35168161
369,2020/9/22,3228873416,Fairy°,0,7722993772,经典老歌 | 有些?错过就不?12632872,
370,2020/9/16,1.15E+18,香菇,0,7717321230,男生KTV必唱，定Hold住全?4056804,
371,2020/9/21,2692933108,祖祥?0,7709384434,毛不易|全原创线上演唱会,1903167,
372,2020/4/15,545722971,我等等?0,7523039275,「下班了」累了就听这些DJ?19568282,,
373,2020/6/10,3410958418,小海?0,7595699555,催眠纯音 | 5分钟快速入?2842364,,
374,2020/4/23,2749180238,违规女孩,0,7534184810,韩宝?| 优美的歌声回味无?5497469,
375,2020/10/22,1448991181,小熊🧸,0,7740475151,伤感片段｜夜晚又归于沉寂,871584
376,2019/6/18,987036132,北辰,3,7013795380,十年之后，还有这些歌让人感动,66110271
377,2020/7/1,1194382398,梅雨西子,0,7621260008,华语金曲｜一人一首历久珍?7827402,
378,2019/8/25,3051014474,Star°,0,6874399440,【游戏?逆风翻盘carry全场,73247956
379,2020/2/27,1214673117,小攀?2,7445971221,华语经典：总有一首值得回忆,12350161,
380,2016/11/15,3051328048,南巷旧事,2,3235982757,一?0年代的记忆—周杰伦,26963315
381,2020/8/20,2587278206,喵喵君仙998.47?次播?0,7685428955,华语Live | 动听歌喉，实力演?7083438,,
382,2016/12/13,473509726,Harry,2,2643652402,回头率最高的50首手机铃?121605440,
383,2020/9/26,312051938,小明同学,0,7728306458,[K-POP]韩国人气女团精选集,2112272
384,2019/11/4,1.15E+18,Sy.Fantcalty,0,7284391365,回忆录丨90后MP3里的华语金曲,8406697
385,2017/6/27,452775188,还不是因为你长得不好?2,3267831137,华语流行｜大热古装电视剧主题歌曲精?14476642,,
386,2018/1/16,1505754053,E.L.M.雷神,0,3658457678,90有你：听不完的那些回?33342363,
387,2020/10/7,1.15E+18,Amy.🦄💯💗,0,7670237952,欧美 | 唤醒内心的挚爱旋?830805,
388,2017/7/12,3153936651,随风,2,1170414179,全球顶级配乐公司?0％电影音乐来?18118553,
389,2020/5/26,1028213864,ShiTou,0,3632971993,全能GAI | 中国风说?7295336,
390,2020/9/13,94496928,愚者∮,0,7714814311,节奏控：致敬巅峰，掌控全局?1823802,
391,2020/9/10,2622902656,Cx330,0,7710790978,伤感片段丨你总是一个人,2605026
392,2020/9/11,2238290812,鸢尾?0,7712151915,100首治愈钢琴曲: 聆听心之呼唤,1638535,
393,2018/7/25,2185430030,winner,2,4225669584,“今晚蹦迪，跟你妈说不回家了?117371473,
394,2020/10/26,510713626,牵手,0,7738271179,90情怀：分别多?你依然在我心,902426
395,2020/10/29,945187827,念安?2,7763332525,放松心情｜抖音BGM大赏,6323235,
396,2020/7/20,1480302867,音频怪物?,0,7643196950,华语伤感｜不爱热闹，却害怕孤?6937537,
397,2017/7/7,3243519651,硬八?0,1160561614,中文dj歌曲,60819459,
398,2020/9/13,3347214090,長安不再?0,4237350138,伤感片段/她抛弃我?7808660,,
399,2020/7/2,492180382,音巢阿呆,7,7557877888,忘掉原唱，实力派的炸裂翻唱现?2364895,
400,2020/7/11,1262377137,离妄.,0,7634235394,怀旧粤?时光流?流金岁月,6355861
401,2020/9/5,2861103164,Music周峰,0,7706188164,经典怀旧丨90后值得一听的老歌,1856583
402,2020/9/3,874295245,KoalaSong,0,7701432908,既然青春留不住，不如听懂李宗?3655353,
403,2020/4/2,2441957085,你要听神马鸭?0,7375111385,华语伤感 ：泪流不止，只因想你,25926446,
404,2020/3/25,2660746954,乔冷,0,7489904419,快手 · 100首最新最热歌曲大?69908371,
405,2020/7/8,1346006378,/ 砕城瑣?/,0,7630816485,『绝至超燃』使颓废的你涅槃重生,4197288
406,2017/8/10,2105165064,水手怕水,2,2067205540,「怀旧经典」记忆里的老歌,23229932
407,2020/5/2,3288965316,江不?0,7541757351,【上单必备】实力对抗超燃bgm,9280130,
408,2020/9/15,78523596,TOP1,0,7716758621,【打游戏必备】节奏掌控操作拉?3763408,
409,2019/3/13,408080999,?0,6800944944,劲爆嗨曲中文dj舞曲,260033444,
410,2020/8/31,3435454191,你的名字,0,7692492503,终究是一个人的兵荒马?2089617,
411,2017/7/12,3469298161,夏花流年,2,1167624138,「欧美经典」感受时光从耳边划过,15368028
412,2017/7/19,931905769,陈哲,2,3571370344,Eason粤语歌集：世上还赞颂沉默吗？,13706422
413,2020/3/9,1498030674,星野一,2,7464361720,踩点狂魔丨剪辑类UP必备核爆神曲,5331420
414,2017/12/28,478695379,DJ顾念?3,3618261996,十年之约 | QQ飞车手游找回青春的记?71155701,,
415,2020/9/2,1441268565,迷雾,0,7657956467,如果词不达意 就把爱藏心里,5437599
416,2020/1/20,1756632996,挽歌.,0,2584444065,伤感纯音?| 孤独是世界的?3140999,
417,2017/8/10,3050361411,古耐moon,2,1169458971,「纯音乐」一曲古筝，一杯禅?27117088,
418,2020/9/9,1945851593,行走的荷尔蒙,0,7709684645,抖音热播 | 瞬间心动的神仙歌?38388552,
419,2020/9/15,1273179433,稍等一下～,0,7713574197,国风BGM｜再听已是曲中人,28150132
420,2020/10/9,2220117658,H.S,0,7669151966,轻音乐睡觉听』身处黑暗心向光?706133,
421,2020/4/26,3207482839,心动输入?0,7526534989,BGM：游戏前热身，就待重拳出?6356625,,
422,2019/12/10,2789599771,?0,7334499605,抑：/熬不完的夜，听不完的?3360882,,
423,2020/7/18,2565763957,放下我的小熊.,0,7642714418,深夜不能听的歌曲:伤感催泪100%,3433021
424,2017/8/10,2153342769,花开半夏,2,3571076617,「流行经典」怀旧老歌，不忘初?30886477,
425,2020/5/17,2860356086,book思议.,0,7567066822,世人醉，醉生梦死一世情,26613166
426,2020/9/28,2749180238,违规女孩,0,7729725985,我们的歌 | 共赴一场视听盛?1095948,
427,2019/11/10,2848355117,Sky,0,7194652332,流行 | 释放压力时必备歌?1829321,
428,2020/7/23,1.15E+18,必胜🤟,0,7648080331,100首经典老歌?0后的年少时代,9328099
429,2020/10/4,2530177008,南辞.,0,7737565418,蹦迪神曲:音乐一开 全场最?2247527,
430,2019/12/9,2949109278,Magic,0,7321683771,深夜DJ | 悲伤使我们懂得了微笑,57440767
431,2017/1/5,2290582155,龍十?2,2347518021,陈奕迅最让人感动?0句经典歌?34669989,,
432,2020/10/17,1006172694,羡之,0,7751121402,【经典老歌】父母青年时代的记忆,899544
433,2016/12/29,2473134961,小沐?2,1143222476,300首经典纯音乐，听完手机内存不足！,110836638,
434,2020/4/24,2297095896,景随?7,7532638952,华语经典｜八十年代盛行的歌曲,5910362,
435,2020/5/29,2329985298,小柒,0,7581185662,抖音精选：听一遍就沦陷的歌,47405656
436,2020/3/27,748973522,SPZn.,0,7444070908,节奏控福利！那些好听的欧美歌?3903348,
437,2020/11/3,1367363703,秋水浮萍任飘?2,7769343580,一人一?| 90后的校园青春回忆,3910552,
438,2020/5/9,1269856819,忆丶?0,7556761989,半吨兄弟丨少一斤都唱不出这感觉,19049863,
439,2020/9/22,1522531377,PC12138,0,7724053235,「粤语」我唱得不够动人你别皱眉,6108647
440,2020/4/16,3401476771,呐！darling！！?0,3745605683,欧美 ?金曲，魔幻音流穿梭耳畔,9468351,
441,2020/10/10,1.15E+18,心近♡自然良,0,7744006805,3D环绕舞曲｜酒吧夜店摇摆嗨?1816897,
442,2020/9/30,2779560835,李怼?0,7715672717,『片段翻唱』陷入温柔暮色里,6305606,
443,2017/6/5,20138652,Katharsis,2,1467620008,不做游戏做音乐？拳头的音乐不归路,7403919
444,2020/7/21,930222472,七苒.,0,7626256621,听一首甜甜情歌，攒一世界甜蜜,4677121
445,2020/4/20,844944770,所追寻的笑卿风,0,7501113678,「超燃bgm」该我上场表演了,5735045
446,2020/10/15,3428053255,小手冰凉,0,7731262650,"谁需要你
谁才不会再次离开?,1144496
207,2020-01-23,402847407,?玫瑰骑士,0,6938324478,黑胶发烧人声试音?3862430
208,2020-09-21,743649289,你是我唯恐不惊的惊鸿,0,7659984479,失望片段:不想接着失望?1011924
209,2020-02-17,318043788,XG💨,0,7428567527,世纪精品｜韶华易逝，经典依旧,4300315
210,2020-06-28,1873182795,尔听°,0,7618204333,古风戏腔｜水袖一起，唱尽相?3564194
211,2017-09-22,2623475870,kuby,2,884992922,快去睡觉！听完忍不住打哈欠的八音盒纯?14649188
212,2018-11-25,980501289,原色 🌸,0,3845046171,那些?0后的流行?17658420
213,2020-09-08,1152921504866441712,困倦᭄?0,7214548955,伤感片段:夜里一个人多好?38668837
214,2020-07-02,1152921504669842695,永远年轻,0,7603571723,民歌荟萃 | 经典之声，源远流?2407275
215,2020-05-15,945187827,念安?2,7564237722,学习必备：抖音热歌精选（持更?65048972
216,2019-11-12,2103461797,随꙰你꙰所꙰喜꙰?2,7295085088,曲终人散，再无我?22287023
217,2020-10-08,2865784778,是软甜吖,0,7742139811,华语经典｜记忆中?0年代，怀?794250
218,2020-04-21,361077359,芒果先生,0,4654790463,飘然入声 | 李健的神仙Live?4017561
219,2020-04-14,3077344505,精彩华辉,0,2368859101,再也没有我的打扰，你应该很快?11624058
220,2019-08-08,1282452564,稼轩,0,7142609344,国产说唱｜这才是中国rapper,12046427
221,2020-10-03,3101284558,沐沐.,0,7736151361,庄心妍：为何再见只是陌生?1793803
222,2020-09-18,1152921504811855350,他还会想我吗,0,7664229393,『伤感片段』我和他的故事结束了,2704837
223,2020-05-14,3519517922,腼腆?0,7562359096,抖音超热中文歌，不好听算我输,76573610
224,2019-12-19,2901886982,凑凑好次,0,7337450623,伤感情歌 ?我欠你个好好的道?1555818
225,2020-06-27,1052253506,Yerl樱野,0,7616975444,流行rap:温柔的旋律和tempo,3599580
226,2020-05-03,2374133080,LANNÉ,0,7547480694,中文说唱 | 节奏中感受潮?7000053
227,2017-05-04,975235364,太俗?2,2058943165,民谣集：20岁时变成了一个用故事下酒的人,20037941
228,2020-10-05,691797091,伯豪Bohao,0,7738615882,伤感片段:你还爱她吗？,18719700
229,2019-11-28,2543140050,秋边,0,7175125768,《游戏神曲》挑战自?决战巅峰,7649548
230,2016-12-07,975845106,你还是看不见?,0,2642739832,那一年，属于90后的青春,30882848
231,2017-07-26,3053996478,神乐?2,3269004699,「经典」属于中老年人的回忆歌曲,13512326
232,2017-06-20,374763385,书童,2,2369367927,跑步热单：听完只想绕着操场?00??67008649
233,2020-08-07,3235957840,云与?0,7667588752,「超火rap」一起说唱燃炸舞?2759732
234,2020-05-14,415456277,丧气男孩,2,7562617341,经典粤语：致我们回不去的青春,9454609
235,2016-12-14,86010258,霜泧,2,3241184094,华语｜有一个空间叫许嵩的江?22678070
236,2020-08-02,3427724427,北川同学,0,7654154165,伤感 | 我以为我很重?6609602
237,2020-06-22,3282723161,🍃Ethereal?0,7611056409,『欧美流行』质感磁?回味悠长,2409916
238,2020-07-07,2896444587,温柔,0,7629239247,「温柔男声」陪你度过低沉岁?4240919
239,2017-02-02,2201472570,南极?2,852125482,那些播放量超高的粤语金曲合集,35843624
240,2017-04-08,270547541,刹那微蓝,2,1157747817,华语：分手后，我才真正听懂了这些?74330065
241,2020-07-03,1505828972,朝暮🍋,0,7624501629,【童真】岁月流逝，青春悄然,2740712
242,2019-12-30,2730021513,沉舟,0,4237500412,柔情粤语 | 独特的粤式音?7917388
243,2020-11-07,945187827,念安?2,7773813515,KTV必点！热?99+华语合集,820580
244,2020-03-05,88480387,talent-?2,7458863066,DJ神曲 · 让你成为精神小伙,20699847
245,2020-04-08,492180382,音巢阿呆,7,7514041058,抖音快手热歌?| 持续更新,319518774
246,2020-06-06,1126570844,吴景?0,7590421266,沧桑的歌声，唯有刀郎才配拥?5960890
247,2020-04-13,1578231847,芒果?0,7520517030,缥缈空灵 | 专属周深翻唱集盘?6375670
248,2020-04-01,3411055664,Trouvaille,0,7503072330,蓝心?| 甜美嗓音动听心灵,9934113
249,2020-05-13,1049466450,?0,7561088533,『华语经典』岁月如?39249551
250,2020-06-04,3250075472,胖胖谢景?0,7588778888,校园时代 · 或许你抄过他的歌?2819251
251,2020-04-16,739620118,安与.,0,7525432119,中文伤感 l 再见，青?20146896
252,2017-08-10,3549353852,续写年少时的?2,1471714393,「KTV必点」秒杀全场的精品歌?67932360
253,2020-09-19,1796040274,安妹?0,7720460208,难忘经典：是我永远吟唱的旋律,6634070
254,2017-07-05,1067338325,念葳?2,2371654578,陈粒：我要找一个让我有生理反应的人,13122433
255,2017-11-20,2861103164,Music周峰,0,2085245378,每局胜利！打游戏专用的超燃电?""",40532875
447,2017/4/24,1281244335,1946 ?2,2362819894,老歌情怀丨百听不厌的经典国粤双语,37774295,
448,2019/4/13,1757456989,Someone,2,6935970860,「抖音」跟着节奏摇起?180275360,
449,2017/8/10,770048976,金曲之后,2,2671456608,「动听粤语」放不下的经典情怀,62498809
450,2018/10/27,1127914446,青梦,0,5375317625,「硬核战歌」无音乐不游?59360865,
451,2020/3/10,2764271129,ColaMan,2,7467921351,免费下载的超燃游戏BGM：真香！,11016890
452,2020/3/10,2434697687,我同事的嘴很?2,7467921327,免费下载的英文铃声潮流曲,14332798,
453,2020/5/22,2958598324,11iiiiizh,2,7573170070,滚石唱片热门歌曲收录,9191234
454,2020/9/9,1131072037,许奕?0,7709888439,有些伤痕，愈合后就成了往?3776837,,
455,2019/11/16,1083284863,北鹤,2,7300225568,网红孵化?: 每人一首成名曲,6901222
456,2017/8/10,1925286211,微风吹过呼呼?2,1169459292,?0后」承载着青春回忆的歌?75429313,,
457,2020/6/12,1562596275,风筝从云里来,0,7594017510,孙露丨磁性嗓音，绕耳回?8808499,
458,2020/7/14,180538864,啾咪baby,0,7634201052,伤感片段/最终还是丢下我?5718149,
459,2020/10/3,1754218622,乱象,0,7736703012,［伤感片段］终有一日你行过黄泉,1461312
460,2020/3/25,1562596275,风筝从云里来,0,7491379956,刘珂矣丨禅意国风，静听菩?3837674,
461,2020/7/25,2138539484,环球音乐中国,0,7633774998,陈奕迅｜日升日落都陪?3865641,
462,2019/4/17,1905652013,A7i,7,6939993236,经典老歌｜那些逝去的青?4342566,
463,2017/8/10,3528361412,淡若清風，轻絮流?2,1471723764,80后共同的音乐记忆,28341759,
464,2020/10/11,2749180238,违规女孩,0,7745421521,时代少年?| 我们一起并肩前?3141263,
465,2019/4/12,1060444681,硬糖加可?2,6907813688,古风戏腔 · 戏彩堂深翠幕?22207823,,
466,2017/7/12,3498355519,萌小姐棉花糖,0,3569246766,「古典」关于巴赫的独特典藏,4322683
467,2020/10/2,1.15E+18,A一笑而过,0,7734392828,忆往昔：岁月如歌，悦听经?1362098,
468,2016/12/19,237370213,可惜没如?0,1742108428,林俊杰歌?21473137,,
469,2017/7/12,2105165064,水手怕水,2,2065383353,「国语」致青涩纯真的岁?31282416,
470,2020/3/2,3233705956,今天又忘记吃饭了,0,7449969916,伤感情歌 ?谁能断了这情?1442007,
471,2020/9/8,1171936915, ,0,7708997936,虎二｜在歌词里感受苦甜人?1395610,
472,2020/5/27,945187827,念安?2,2850955783,李荣浩，会写词的作曲?11797563,,
473,2020/10/9,3427724427,北川同学,0,7743377082,催泪100% | 后悔吗不会有下次?2894599,
474,2020/11/15,497697572,柠檬少年,0,7772468596,暖心live：动听歌喉，实力演绎,367708
475,2020/5/8,1.15E+18,SS灿若嫣火,0,7555016394,甜度爆表！是你的粉色系青春呀,3726301
476,2017/7/26,3450417148,笑比阳光灿烂~,2,3269006954,「欧美?00首经典英文歌,16860159
477,2020/9/2,2101579506,专卖七彩祥云,0,7702586487,多想参加你的婚礼，只为听你说句我愿意,2308478
478,2020/7/1,2845093106,顾玖?,0,7617277396,纯音 | 愿生活发光的你日子常?306055,
479,2020/9/18,3122137481,MYANSWER?0,7719803729,【伤感片段】没你我又何尝快乐过,1558920,
480,2020/2/27,3102139803,韶光家@阿凌,2,7447667664,车载DJ200首＋(不定期更?,100053770
481,2019/2/14,987036132,北辰,3,6639516661,欧美 |  值得回味的魅力嗓?6703275,
482,2020/6/7,2692156904,孟冬,2,7592626231,才女任然：细腻柔婉情歌精?12133133,
483,2020/5/17,945187827,念安?2,7566977031,诗意国风：抖音热门BGM精?27581417,,
484,2020/6/26,2756589227,峪果,0,7583786362,致幻电子500?· 耳朵循环漩涡,7305342
485,2019/7/8,467638189,蜜糖男孩,2,7062703125,伤感情歌 · 爱是一场高?80647856,
486,2020/3/19,1652158242,蓝鲸,0,7482011490,B站热门踩点混剪全收录【持更?13137295,
487,2020/6/5,1126570844,吴景?0,7589860446,降央卓玛 | 妙音天籁，优美歌?10335904,,
488,2016/11/14,635862324,绵阳利顺建材,0,2006719587,评论过万的中文歌与潜力股,53435149
489,2020/4/23,1950666740,★、╰?2,7534183361,快手热门伤感女声(持更),27579606,
490,2019/9/26,1924013694,颜词,2,7226633383,王者BGM：节奏带?，瞬间飞?22089296,
491,2020/8/9,3434191519,一只小?0,7670672443,『欧美向』绝美旋律，一秒沦?6722883,,
492,2016/10/20,3462048437,有梦不难,2,2918490497,致敬怀旧经典——男人篇,6760773
493,2020/9/12,2240563960,北辞.,0,7712614532,华语伤感 | 和熬夜一样难改爱?28548370,
494,2020/4/20,1837104394,是学姐吖,0,7530061277,蹦迪时刻！百首抖音优质DJ热曲,43232555
495,2020/6/27,498877906,狗贼,0,7609607887,千禧盛世 ?重启旧时?57439980,
496,2020/8/18,261740698,🦁云水月琪🌟,0,7681903272,岁月如歌 | 90后的青春纪念?3668104,
497,2020/4/27,345211567,Li供养,0,7540419608,舒适系精选丨300首静心钢琴曲,9730005
498,2020/4/17,2283955809,The Star.,0,7525549383,治愈系女?| 心灵依靠,3599733
499,2020/7/8,786601230,Bbbbbb💨,0,7268051354,粤语经典 | 回忆最爱那?2755320,
500,2020/9/19,3402769004,挽安,0,7720713831,［温柔男声］你的眼里没有了我,2895033
501,2020/11/4,2456039071,不想喝可?0,7769355091,伤感片段:不該心動?3243270,,
502,2017/6/13,2091140332,⁠十,0,1344581550,【华语伤情】最好的邂逅，最难的再见,53386001
503,2020/7/18,3143941595,途中.,0,7642348321,梨涡少年【易烊千玺Live精选?2992408,
504,2020/5/15,945187827,念安?2,7564273433,宅家必备的抖音热歌（持续更新?108951402,,
505,2020/9/2,360315291,yoki,0,7702283720,次元旋律起奏响热血沸腾の战?1052713,
506,2020/8/19,459725094,冷儿?0,7683702221,车载DJ：燃烧激情体验快车旅?7806993,,
507,2019/9/16,2298105529,我又可以?2,7199052869,80后怀旧集 | 时光一去不复返,12647311,
508,2020/10/19,1812056486,念旧,0,7656851959,伤感片段|从满心喜欢到满眼失望,5480432
509,2017/8/10,3052337681,无音乐不生活,2,1169458755,「Billboard 」公告牌热门歌手精选单?19052097,
510,2017/2/9,674050509,大兔子老师.Alter,0,3549209550,历代所有奥特曼主题曲～,8522433
511,2020/6/25,2050198279,小主子ཉ,0,7360526436,岁月留声:那些年你追过哪些歌？,6032911
512,2020/10/2,1036380274,?,0,7732195742,伤感片段 | 夜光下的回忆?2072241,
513,2020/3/30,1725067421,林夕,2,7487969227,快入坑：歌虽嗨，开车请别飘,19172724
514,2020/6/14,2524619154,病白,0,1922242555,指尖电子｜游戏必备良?1525669,
515,2020/9/16,1026917890,静若💞安然,0,7716927236,抖音DJ:车里有音?一路好心情,6050052
516,2020/6/30,943757197,原谅我性格孤僻不善言?0,7398708998,回忆经典:李宗盛写给ta们的?1432146,,
517,2020/10/11,1522531377,PC12138,0,7744311018,史上最全！KTV麦霸必修金曲300?1381381,
518,2020/7/13,1441938062,错过的、再?0,7636604468,纯甜可爱：糟糕！想生小孩的感?4899054,,
519,2020/6/9,3234133879,等一树爆米花呀,0,7594409643,您的甜甜的恋爱已到，请查?2813547,
520,2017/7/26,3545474218,漂洋过海来看??,2,3269004721,民谣如酒 入喉醉心,21318094
521,2020/8/29,944182780,Ю三歲,0,713960084,隔壁老王听了这Dj又精神了,22787364
522,2019/4/23,2907569495,塞纳河边拉二?0,6947761409,周华?滚石精选集,4958420,
523,2020/5/19,3235957840,云与?0,7533625519,欧美流行丨点燃激?释放压力,43151323,
524,2020/7/17,2660746954,乔冷,0,7641750983,普普通通的你也值得被万般宠?490733,
525,2020/2/26,2748789268,陈浩?2,7446262490,学习轻音 | 沉浸书的海洋,5774724,
526,2017/7/26,3117811402,画一方禁?2,1471714282,?00首精选」那些温柔了岁月的粤语歌,12139928,
527,2017/8/10,3528361412,淡若清風，轻絮流?2,1471714786,「华语?0后音乐回忆录,26502139,
528,2020/9/21,2321985329,无为,0,7504852026,励志｜青春不迷茫，梦想永不止?250842,
529,2020/10/15,3235957840,云与?0,7749133477,伤感片段丨能不能不要离开?2159064,,
530,2020/4/17,1.15E+18,Sy.Fantcalty,0,7525180408,蹦迪神曲丨扇子一开，全场最?28115398,
531,2020/8/8,1165992597,蜗牛..,2,7669260097,影视金曲 | 属于90后的青春回忆,2534885
532,2020/4/28,3135305475,Mike,0,6910849435,『王者BGM』让你把把超神五杀,2544206
533,2020/8/13,2303204713,蓝莓 Cake,0,7675710171,在KTV唱哭的人，都有故?2791036,
534,2017/11/27,1367363703,秋水浮萍任飘?2,1788704534,时代记忆，精?0世纪台湾乐坛的华语金?26772238,,
535,2020/10/4,3427724427,北川同学,0,7736298109,伤感片段 | 忘不掉的人藏在心?1867035,
536,2019/12/17,1690282359,大红袍珍?0,7337450028,粤语迷：任时光流转，经典永不?2164429,,
537,2020/10/19,1366531984,?0,7751467399,【伤感】慢慢听就哭?2124051,,
538,2017/2/23,3482288150,Holiday!,2,856944048,有一种经典叫龙卷?我们的青春杰?23581331,
539,2016/7/22,703533236,ʚ刘敢敢?0,2626146214,轻音?钢琴?理查德克莱德曼专?16353961,,
540,2020/9/23,410284087,krystal,0,7724135581,粤语精?| 百听不厌的经典港?1931190,
541,2020/5/29,452775188,还不是因为你长得不好?2,7580808330,MAMAMOO：超强实力派女团,2786859,
542,2020/8/28,3331885693,小陈小陈  满眼星辰.,0,7696072766,【丧系歌单】他总是不懂我的?12912451,
543,2018/7/18,3026827605,Smoker,2,4195947316,〖YouTube〗邓紫棋热门单曲Top20,24378370
544,2019/12/10,2960765960,查尔斯的?0,7328842110,降央卓玛｜来自草原纯粹的声音,24979800,
545,2020/8/31,3014512014,烟痞,0,2080594530,伤感片段：你说过不会离开?1827281,
546,2020/7/30,1077351296,ღ᭄ꦿ南鸢北筏ꕥ᭄ꦿ,0,7657295368,【咚鼓热歌】柔情似水，痴情如火,6038453
547,2017/8/10,3498192741,画船听雨眠～,2,1169459379,「华语经?」回忆伴着旋律涌上心头,66687700
548,2020/9/12,3427724427,北川同学,0,7712613621,抖音热门DJ舞曲 | 网红BGM,42284677
549,2020/9/19,1974815398,𝙉𝜪.1 ?0,7720025164,翻唱片段｜长路漫漫，伴你身旁?1557890,,
550,2019/9/30,1534433626,温柔,2,4558053707,王者荣耀 : 打野专用战歌,26561620
551,2020/9/19,3101284558,沐沐.,0,7720119684,经典粤语 · 重温那段流金的岁?699895,
552,2020/8/31,484366284,终究真的是终?0,7668469090,伤感片段 深夜泪水是自己的?3943006,,
553,2020/3/31,1165992597,蜗牛..,2,7499354507,属于90后的经典歌曲,42202291
554,2020/9/3,121975161,🔥Q音DJ热单√磊小宝,0,1181669726,蹦迪神曲：抖腿难改`摇头情似?20828893,
555,2020/10/1,1.15E+18,时生,0,7570968793,心跳加速，做梦都想哼的神仙歌曲,2685623
556,2017/7/26,3466530758,跟我?别回?2,3269005534,「英文歌」惊艳耳际 瞬间恋上,13469643,
557,2020/4/6,2944513107,别离開小?.,0,6572994875,丧系/.《抑郁症患者》勿?1871774,
558,2020/10/1,1907925059,干饭?0,7650382189,『丧系』没有完整版的神仙翻?3868010,,
559,2020/8/31,1026917890,静若💞安然,0,7699313817,车载伴侣:提神醒脑 缓解疲劳驾驶,7593637
560,2016/10/20,945187827,念安?2,2931035154,华语｜给你一张过去的CD,91422685,
561,2016/11/19,10901710,与光,2,843156492,睡前钢琴? 安静沉入?8592412,
562,2020/4/19,381646202,ai,0,7528124281,甜蜜爆表 | 热恋专用歌单,2212571
563,2020/4/24,985111371,颜泽,0,7535963804,陈粒｜过了很久终于我愿抬头看,5468539
564,2020/10/5,1011011014,陈先?0,7739351864,堵车听DJ，油门注意啦朋友?6655034,,
565,2017/1/19,2959134137,柳云?2,2945993530,值得收藏?00首华语好?145220582,,
566,2018/8/21,2215105840,Pure_Lavender,2,4279416823,80后在KTV必点歌曲,44973080
567,2018/11/30,2660554065,月色温柔?0,5345720434,欧美｜节奏控的极致享?2616485,,
568,2020/9/23,3194418670,综艺鹅鹅?0,7716560832,诗人歌者，李健是也,1367810,
569,2020/4/14,3531171618,你就是我的人间理?0,6998505711,一枪入魂| 王者荣耀百里守约战歌,3100897,
570,2019/9/20,3512595187,科兴跳舞?2,7212954390,车载慢摇，震得你热情像发了疯,2880777,
571,2017/8/10,2123828267,Autism°,2,2968768864,陪伴90后长大的粤语歌曲,14741984
572,2020/3/31,65938568,书诉(沐凡?,0,7500754738,李健 ：天赐嗓音，曲调如诗,3368336
573,2020/6/13,2927431778,Apollo,0,7600130223,英文｜提神醒脑，学习效率加速器,8088606
574,2019/7/3,3123226386,音乐还是轻点?0,7073840290,渐析入梦?| 睡眠轻音?22264088,,
575,2020/7/5,2297095896,景随?7,7625459697,甜到犯规！恋爱宝典歌?3335239,,
576,2020/5/21,1498030674,星野一,2,7571530183,回忆时刻?0后肯定听过的动漫?2733572,
577,2018/5/22,1812948313,私に闻いて风i,2,4100249474,无限狂热！动漫中の摇滚音?8537789,
578,2018/8/28,3248641960,MouYong LynLyn,0,4385554939,岁月留声?0年代经典粤语,30619179
579,2020/9/7,3316997273,103,0,7646034479,伤感片段：她也曾说一辈子,2576899
580,2020/4/14,1.15E+18,Sy.Fantcalty,0,7521342983,站内收藏量过百万的电音神?4138797,
581,2020/9/27,2310292238,?,0,7728378937,古风戏腔丨一声曲叹，惊艳了芳?2704385,
582,2020/9/30,2010028284,77,0,6269155117,「许嵩」才华横溢的音乐才子,1409275
583,2019/12/30,2730021513,沉舟,0,4208690011,华语留声机丨经典深情的心动老歌,3520491
584,2020/6/18,2406881657,☁️UNIQUE☁️,0,7589000260,【治愈纯音】繁星月下风拂心?391168,
585,2020/1/20,1747907171,鹿仁,2,7377903318,欧美疯狂曲调 · 灵魂触电,3157714
586,2019/10/9,2292556765,清风浊酒,0,3704623651,流行中文DJ串烧,20464382
587,2020/9/26,1.15E+18,沈苏苏o,0,7720760237,?想不完的夜，哭不完的?909713,
588,2020/7/20,1006172694,羡之,0,2016907260,【怀旧金曲】老歌如酒，越品越?14984528,
589,2020/8/19,2749983950,任凭寂寞沸腾,0,7683199209,伤感片段丨不过是南柯一?13300177,
590,2020/2/23,38084016,元箫,0,7442434959,抖音最火国风歌：一世倾心为情?50151831,
591,2020/4/29,1606669845,青莀🍒,0,7543465349,终究是戏子，永远在别人的故事?4727149,
592,2018/4/30,980168295,AИAΓKH',2,3856616098,李宗盛：不懂是幸运，听懂是人?7827078,
593,2019/7/24,1757456989,Someone,2,7110372103,「超火BGM」听说你在找这首,55725298
594,2020/8/30,1121928991,祝宁的奶萌弟弟生日快?0,7695587512,糖果味女嗓｜给你100%的甜?1066832,,
595,2017/7/12,3575332895,吃糖少年,0,2370564763,「华语」经典老情歌才有味?41044855,
596,2020/6/4,2933383079,遗落森林,0,7583154525,怀旧粤语｜永不失联的过去式,1034844
597,2020/3/10,3435166010,约翰大叔不约汤欧?2,7467921306,同桌辛苦整理的免费下载华语好?9553515,,
598,2020/8/18,1.15E+18,永远年轻,0,7682677139,伤感民谣 | 往事随风，活在当下,1440149
599,2020/7/3,1606669845,青莀🍒,0,7623920550,伤感 | 终究会有个人 还是放不?8506950,
600,2020/4/28,2692156904,孟冬,2,7539490149,惊艳不雷人！盘点神仙翻唱六百?7513234,
601,2020/6/22,1873182795,尔听°,0,7610357786,伤感女声｜以前打扰了以后不会?14987601,
602,2020/8/27,2275905943,君安.,0,7653816755,伤感片段丨别让你眉间的温柔消?8041463,
603,2017/3/2,2959134137,柳云?2,2952171996,杰伦的哪句歌词让你潸然泪下？,17959645,
604,2017/9/25,3050760296,我嘎乔安?2,2679960417,初中的mp3，青春的记忆,6702776,
605,2020/4/10,1022543731,热文?2,7516141212,抖音超火的神仙翻唱（持更?97581080,,
606,2020/5/19,1985346746,阿信.,0,4237193954,【欧美鼓点】顺节奏摇摆,3451094
607,2020/10/2,3032772711,╰☆井じ☆ve年?0,7734900537,『伤感催泪』感情淡了就放手?1672021,,
608,2020/8/22,53365218,洛辞,0,7687118062,『怀旧』岁月无痕，唯有经典留声,1714989
609,2017/9/4,1142021734,执城,0,1855128183,「华语伤感?初心易得，始终难?28051389,
610,2020/6/25,161148726,🐶,0,7614442512,这前奏，一把就把我抓住?5412089,
611,2020/4/25,2297095896,景随?7,7537787795,DJ歌曲｜音响一开，烦恼不?75235396,,
612,2020/6/17,2722411508,说唱专区官方账号,0,7603777938,官方精选：小鬼-王琳?Lil Ghost ,2666887
613,2016/12/21,1220667525,安多,2,2342856359,慵懒声线的诱? 李荣浩最热歌曲top20,22647741
614,2020/3/10,2648213577,科兴大摆?0,7467921369,免费下载的诗意民谣你值得收藏,5651777,
615,2020/8/2,1606669845,青莀🍒,0,7661064283,伤感女音：这是我最后一次想?2278847,
616,2020/6/29,2756589227,峪果,0,7619167305,林宥嘉的歌声，世界最治愈的温?3572201,
617,2020/8/23,2160579112,自在如风,0,7685440801,说唱新世?| 万物皆可说唱,6527843
618,2020/9/19,2542289595,?,0,7720317576,【欧美神曲】让耳朵寄居在歌?1675426,
619,2017/7/12,3452371270,两相依偎,2,872839954,超高人气华语歌，有你钟意的吗,59940583
620,2020/5/13,467638189,蜜糖男孩,2,7562151214,G.E.M.邓紫棋出?2周年快乐,8275044
621,2020/6/19,2602431710,辜负.,0,7606558023,伤感翻唱：再见面我们都是大人?5704862,
622,2020/3/14,3299472004,柏亦?0,7475319852,『悲伤』后来你也成了故?698836,,
623,2019/7/20,945187827,念安?2,7097197259,催专累了！来听听周杰伦的老歌,37297116,
624,2020/6/24,3282723161,🍃Ethereal?0,7613372709,节奏?| 随时随地点燃激情,6028838,
625,2020/8/9,1480381559,💙,0,7671237418,听完想拯救世界｜欧美极致电音,4002155
626,2020/4/15,542340682,清泽俊秀（暂退?0,7523077869,庄心妍的高品质好歌精选集,16048094,
627,2020/4/5,1934301935,有栖早纪SAKI,0,7109787308,｜小众宝藏英文｜无法控制的喜欢,3483027
628,2017/8/18,2441507182,E.H,2,1472776306,欧美动感节奏：健身慢跑，燃烧你的卡路?24828501,
629,2017/7/26,2584792129,,0,3573607299,祁隆歌曲全收?10815772,
630,2020/5/31,995702579,星空,0,3307888020,青春记忆: 回望90后学生时?17011726,
631,2020/5/25,2053597291,泽其,0,7576423412,抖音超热曲：你想听的歌这都有,157704132
632,2020/8/14,327641612,偷走你的满目星河.,0,7673314520,古风亦可DJ｜中国风也能蹦迪,4903508
633,2017/2/15,1367363703,秋水浮萍任飘?2,1719941120,百听不厌 | 留声机里的华语经?11898115,,
634,2020/3/9,3452942590,故事的撰写人,0,7459588069,来张免费下载的电音歌单，疯狂抖腿,18035031
635,2020/5/12,1.15E+18,Happy.,0,7559561831,经典华语 | 时光已祛，光辉难?6391379,
636,2017/7/12,3349335325,幸福是不请自?0,2370564744,「华语」人气歌手代表作，不得不?14439520,,
637,2020/3/2,1968987427,故事未完待续,2,7382629476,精?| 好听到单曲循环的热歌,897754048
638,2019/8/28,2063634880,隔壁路人都在?0,7174019146,爱到尽头是否只剩下狼?2998557,,
639,2017/7/26,3437463414,不忘?2,2067204491,「欧美」热评度极高的英文良?4249700,,
640,2020/7/12,312051938,小明同学,0,7635812681,「网红同款」这些歌最近真的火?13678642,
641,2020/10/11,2426860886,快乐的小伊兹,0,7746001923,跟着这个节奏！战歌一出游戏结?521500,
642,2019/6/2,1578509614,猫舌,0,7020619438,欧美?| 耳机是最后的避难所,9879076
643,2017/9/7,452775188,还不是因为你长得不好?2,3277068038,旧时光里回忆的粤语歌：流年已逝，经典永存,16025786,
644,2017/8/10,3480319694,[ 承蒙时光不弃 ],2,2067212997,「LOL战歌」嗯！这很有感觉,14854483
645,2019/9/27,3454538281,又该换耳机?2,7222867472,健身必备 | 永远自律，永远年?1921821,,
646,2020/10/5,1.15E+18,fine💫,0,7739024426,古风 | 桃花树下，与君红绳结?501010,
647,2020/5/11,492180382,音巢阿呆,7,7559412657,华语民谣大合集，首首入心,4734274
648,2020/9/16,1.15E+18,必胜🤟,0,7716965708,听说gai溜子开车，都听这些,3088476
649,2020/7/22,3587982471,?0,7599877326,三世缘｜倾尽天下只愿为你,5412884,
650,2020/8/10,1131973211,?  💜,0,7668841692,超甜| 甜到起飞听完即刻恋爱?2218765,
651,2020/8/18,2530177008,南辞.,0,7306068541,国语治愈女声:酥醉你的心灵,6545262
652,2017/6/4,1713915889,Z                                  Z,0,3559890884,欧美插电歌曲✔怦然心动的优美旋律,4314491
653,2020/5/13,1242012453,自渡·,0,1789072718,古风:初心不曾负，初心是何?4751641,
654,2020/10/6,3470650733,沐恩,0,7739842973,抖音精选集：曲入心，词入骨,14178401
655,2020/9/12,2240563960,北辞.,0,7712614773,伤感片段 | 太热情总是不被珍惜,3425399
656,2020/7/9,2541303595,自作多情,0,7624215376,睡前必备：伤感，最终还是一个人,16948265
657,2020/6/6,1606669845,青莀🍒,0,7567376184,只想把世界上最甜的恋爱都给?1810319,
658,2020/5/15,3164553455,寻找音乐,0,7563681381,深夜DJ丨放飞自我，毫无约束,44075125
659,2017/11/14,374763385,书童,2,2384755098,越动听越倾心?00首独特悦耳欧美女?31165784,
660,2017/11/5,1323725685,七瑾?0,2349071298,「粤语」金典粤语，回响20?3641568,,
661,2017/1/30,2847205717,deja vu,0,2944217623,重温50首不朽的经典英文老歌,4822335
662,2020/6/12,452775188,还不是因为你长得不好?2,7599082024,舒缓安神：班得瑞轻音乐精?4565110,,
663,2020/7/31,261740698,🦁云水月琪🌟,0,7658515147,KTV｜女生成为麦霸必备歌?18949448,
664,2017/7/12,3051524321,风云?0,1167623944,超好听英文歌，攻陷你的耳朵,35565966,
665,2019/7/31,1662059100,Rose,2,7123892256,温柔女嗓：失眠患者的治愈音药,37994013
666,2017/5/29,1027805448,＂忘川?2,3108781778,100首催眠秘诀：流行歌曲钢琴版,51336331,
667,2019/7/16,88480387,talent-?2,7093152108,站内弹幕999+的欧美节奏曲,13252507,
668,2020/6/14,2290996885,青昭.,0,7424768225,单曲循环的歌词里都是遗憾,3036083
669,2020/7/31,3263982911,不配得到?,0,7646494114,片段：满心欢喜到失望透顶?4886429,
670,2020/4/14,1.15E+18,Sy.Fantcalty,0,7521981320,站内收藏量过百万的优质华?38401914,
671,2020/3/9,3042217590,不稀饭棉花糖の萝?0,7459592100,【免费下载】总有一首你钟意的粤语歌,9053354,
672,2017/7/12,3172628985,粉色de味蕾`,2,2370565162,「华语」最难以割舍的单曲循?31123493,
673,2020/9/13,979447500,草莓男孩,0,7710119458,ktv必点：包厢里唱出的多种情?1351437,
674,2020/10/8,3514040007,看?0,7504150326,伤感片段 | 你也失落了吗,4357420,
675,2020/10/10,2361627205,Rings of Saturn,0,7744688425,说唱新世?| 选手个人代表作品,687014
676,2018/2/24,1833834512,陈某?0,1459787674,刀郎的老歌,6702097,
677,2020/6/11,3047435079,晚?0,7015601644,深情翻唱：无一是你，无一不是?2122584,,
678,2020/7/15,1841347563,天份,0,7614366897,侠气古风 : 腰间两把刀！断和了,7164606
679,2020/7/29,728219464,樱岛麻衣,0,7558625838,丧：遗憾吗关于她,8822589
680,2017/10/20,214239241,蘋果樹de約定,0,1182456307,白噪音|雷雨，伴你入睡，享受自然界的音乐,10095251
681,2020/8/22,2836114038,玖陌,0,7687002675,精选戏腔：戏子入画，一生天?1648758,
682,2020/6/30,1357488878,情柔间眸.,0,7620450864,热度爆表！刷爆短视频的热?34447028,
683,2020/3/2,1924013694,颜词,2,7448905708,「超火BGM」你想要的在这里,19604863
684,2019/8/28,942973835,今日起消灭歌?0,7174017389,80记忆 | 前奏一出就想起往?5745994,,
685,2017/3/1,296497462,★★★★?0,1455281725,无损发烧车载HIFI试音?15791668,,
686,2016/11/2,3051877259,Prosperous?2,3535982902,美到窒息的轻音乐,12161158,
687,2018/8/23,1789364582,声音小镇Soundtown,0,4286466145,耳机煲机[第一阶段],3605077
688,2020/6/12,1873182795,尔听°,0,7596757493,粤语｜始终不可取替这亲切质感,6708251
689,2020/7/14,335604651,若愔.,0,7637628950,【古风】落花愔，相思不过远?7021113,
690,2017/3/5,1057027131,Trust,2,1153250853,欧美丨开头即副歌，一秒俘获你双?22526037,
691,2020/3/17,2758850637,WIN:D-ilmmwmhxf,0,7479806583,韩语melon热门精选‖上头警?2356282,
692,2020/7/24,3063745183,歌单达人,0,7643521400,钢琴丨治愈系音乐，宁静空?2009001,
693,2020/7/23,1.15E+18,哇kakakaka,0,7648445473,要是一难过就能抱到你多?7277360,
694,2017/7/12,3434464849,Mark,2,3569246560,那些年，我们一起听过的周杰?26857858,
695,2020/10/5,1462330176,SUSPECT,0,7737876541,周深 | 天籁之音与ACG的清灵融?728948,
696,2020/4/26,3344705956,歌恋,0,7537828867,「BGM」瞬间起飞逆风翻盘起飞,4733232
697,2017/7/12,2933172352,勿挽旧人,2,1469897872,「典藏经典?0世纪华语金曲精?32059957,
698,2020/9/8,459725094,冷儿?0,7705968142,舒适减压：治愈耳朵舒服系音?2727075,,
699,2020/6/4,1453377869,可乐不乐,0,7588905815,粤语女声 | 百无一用是深情,2132103
700,2020/9/4,192267977,旧时?້໌?,0,7502602722,【伤感中文DJ】送我一杯忘情酒,6254266
701,2020/10/2,542340682,清泽俊秀（暂退?0,7735056290,青春岁月| 如果泪水有记?2815736,,
702,2020/9/29,2134718135,‭遇?0,7703801812,失望片段 | 被爱的人不用道歉,7113816,
703,2017/7/12,3549353852,续写年少时的?2,1469897660, 「民谣」送给自己的温?10248086,,
704,2020/9/24,1243702995,叶冰??0,7725260915,老歌‖忘记的歌名记住的高?2650130,,
705,2017/8/10,3470334301,南风轻语,2,1169460602,「华语?0后的青春纪念?21413763,
706,2015/6/19,945187827,念安?2,2864910544,运动健身必听歌曲,29629471,
707,2020/4/30,3539255130,dark,0,7544945995,特丧丨抑郁者勿?4987467,
708,2017/2/9,2086094330,蛋崽,0,851172026,纯音乐｜适合睡觉的安眠曲.,4831995
709,2017/8/10,3050614512,小芭love music,2,1471715951,听着粤语歌，在香港迷了路,7482242
710,2020/10/3,497697572,柠檬少年,0,7736300010,毛不易丨音乐诗人唱尽人间百?987834,
711,2020/8/14,945187827,念安?2,7677431156,伤感情歌：别以为你有多难?5072052,,
712,2020/4/10,1498030674,星野一,2,7515802168,偷心盗贼！抖音最火女声歌?49243522,
713,2020/3/5,1750649530,李律?0,7459981119,【电音】耳机党的超燃福利单曲,10511077,
714,2019/8/27,2063634880,隔壁路人都在?0,7174019073,回忆杀?0后的青春在MP3?10542864,,
715,2020/10/3,790992810,神秘?2,7736960644,全民K歌热门点唱最火中文歌,1480878,
716,2020/9/11,2641743954,?,0,7698865314,伤感 | 世界很宽孤独很满,1188192
717,createtime,creator_qq,creator_name,creator_isVip,dissid,dissname,listennum
718,2020/8/22,53365218,洛辞,0,7687118062,『怀旧』岁月无痕，唯有经典留声,1714989
719,2017/9/4,1142021734,执城,0,1855128183,「华语伤感?初心易得，始终难?28051389,
720,2020/6/25,161148726,🐶,0,7614442512,这前奏，一把就把我抓住?5412089,
721,2020/4/25,2297095896,景随?7,7537787795,DJ歌曲｜音响一开，烦恼不?75235396,,
722,2020/6/17,2722411508,说唱专区官方账号,0,7603777938,官方精选：小鬼-王琳?Lil Ghost ,2666887
723,2016/12/21,1220667525,安多,2,2342856359,慵懒声线的诱? 李荣浩最热歌曲top20,22647741
724,2020/3/10,2648213577,科兴大摆?0,7467921369,免费下载的诗意民谣你值得收藏,5651777,
725,2020/8/2,1606669845,青莀🍒,0,7661064283,伤感女音：这是我最后一次想?2278847,
726,2020/6/29,2756589227,峪果,0,7619167305,林宥嘉的歌声，世界最治愈的温?3572201,
727,2020/8/23,2160579112,自在如风,0,7685440801,说唱新世?| 万物皆可说唱,6527843
728,2020/9/19,2542289595,?,0,7720317576,【欧美神曲】让耳朵寄居在歌?1675426,
729,2017/7/12,3452371270,两相依偎,2,872839954,超高人气华语歌，有你钟意的吗,59940583
730,2020/5/13,467638189,蜜糖男孩,2,7562151214,G.E.M.邓紫棋出?2周年快乐,8275044
731,2020/6/19,2602431710,辜负.,0,7606558023,伤感翻唱：再见面我们都是大人?5704862,
732,2020/3/14,3299472004,柏亦?0,7475319852,『悲伤』后来你也成了故?698836,,
733,2019/7/20,945187827,念安?2,7097197259,催专累了！来听听周杰伦的老歌,37297116,
734,2020/6/24,3282723161,🍃Ethereal?0,7613372709,节奏?| 随时随地点燃激情,6028838,
735,2020/8/9,1480381559,💙,0,7671237418,听完想拯救世界｜欧美极致电音,4002155
736,2020/4/15,542340682,清泽俊秀（暂退?0,7523077869,庄心妍的高品质好歌精选集,16048094,
737,2020/4/5,1934301935,有栖早纪SAKI,0,7109787308,｜小众宝藏英文｜无法控制的喜欢,3483027
738,2017/8/18,2441507182,E.H,2,1472776306,欧美动感节奏：健身慢跑，燃烧你的卡路?24828501,
739,2017/7/26,2584792129,,0,3573607299,祁隆歌曲全收?10815772,
740,2020/5/31,995702579,星空,0,3307888020,青春记忆: 回望90后学生时?17011726,
741,2020/5/25,2053597291,泽其,0,7576423412,抖音超热曲：你想听的歌这都有,157704132
742,2020/8/14,327641612,偷走你的满目星河.,0,7673314520,古风亦可DJ｜中国风也能蹦迪,4903508
743,2017/2/15,1367363703,秋水浮萍任飘?2,1719941120,百听不厌 | 留声机里的华语经?11898115,,
744,2020/3/9,3452942590,故事的撰写人,0,7459588069,来张免费下载的电音歌单，疯狂抖腿,18035031
745,2020/5/12,1.15292E+18,Happy.,0,7559561831,经典华语 | 时光已祛，光辉难?6391379,
746,2017/7/12,3349335325,幸福是不请自?0,2370564744,「华语」人气歌手代表作，不得不?14439520,,
747,2020/3/2,1968987427,故事未完待续,2,7382629476,精?| 好听到单曲循环的热歌,897754048
748,2019/8/28,2063634880,隔壁路人都在?0,7174019146,爱到尽头是否只剩下狼?2998557,,
749,2017/7/26,3437463414,不忘?2,2067204491,「欧美」热评度极高的英文良?4249700,,
750,2020/7/12,312051938,小明同学,0,7635812681,「网红同款」这些歌最近真的火?13678642,
751,2020/10/11,2426860886,快乐的小伊兹,0,7746001923,跟着这个节奏！战歌一出游戏结?521500,
752,2019/6/2,1578509614,猫舌,0,7020619438,欧美?| 耳机是最后的避难所,9879076
753,2017/9/7,452775188,还不是因为你长得不好?2,3277068038,旧时光里回忆的粤语歌：流年已逝，经典永存,16025786,
754,2017/8/10,3480319694,[ 承蒙时光不弃 ],2,2067212997,「LOL战歌」嗯！这很有感觉,14854483
755,2019/9/27,3454538281,又该换耳机?2,7222867472,健身必备 | 永远自律，永远年?1921821,,
756,2020/10/5,1.15292E+18,fine💫,0,7739024426,古风 | 桃花树下，与君红绳结?501010,
757,2020/5/11,492180382,音巢阿呆,7,7559412657,华语民谣大合集，首首入心,4734274
758,2020/9/16,1.15292E+18,必胜🤟,0,7716965708,听说gai溜子开车，都听这些,3088476
759,2020/7/22,3587982471,?0,7599877326,三世缘｜倾尽天下只愿为你,5412884,
760,2020/8/10,1131973211,?  💜,0,7668841692,超甜| 甜到起飞听完即刻恋爱?2218765,
761,2020/8/18,2530177008,南辞.,0,7306068541,国语治愈女声:酥醉你的心灵,6545262
762,2017/6/4,1713915889,Z                                  Z,0,3559890884,欧美插电歌曲✔怦然心动的优美旋律,4314491
763,2020/5/13,1242012453,自渡·,0,1789072718,古风:初心不曾负，初心是何?4751641,
764,2020/10/6,3470650733,沐恩,0,7739842973,抖音精选集：曲入心，词入骨,14178401
765,2020/9/12,2240563960,北辞.,0,7712614773,伤感片段 | 太热情总是不被珍惜,3425399
766,2020/7/9,2541303595,自作多情,0,7624215376,睡前必备：伤感，最终还是一个人,16948265
767,2020/6/6,1606669845,青莀🍒,0,7567376184,只想把世界上最甜的恋爱都给?1810319,
768,2020/5/15,3164553455,寻找音乐,0,7563681381,深夜DJ丨放飞自我，毫无约束,44075125
769,2017/11/14,374763385,书童,2,2384755098,越动听越倾心?00首独特悦耳欧美女?31165784,
770,2017/11/5,1323725685,七瑾?0,2349071298,「粤语」金典粤语，回响20?3641568,,
771,2017/1/30,2847205717,deja vu,0,2944217623,重温50首不朽的经典英文老歌,4822335
772,2020/6/12,452775188,还不是因为你长得不好?2,7599082024,舒缓安神：班得瑞轻音乐精?4565110,,
773,2020/7/31,261740698,🦁云水月琪🌟,0,7658515147,KTV｜女生成为麦霸必备歌?18949448,
774,2017/7/12,3051524321,风云?0,1167623944,超好听英文歌，攻陷你的耳朵,35565966,
775,2019/7/31,1662059100,Rose,2,7123892256,温柔女嗓：失眠患者的治愈音药,37994013
776,2017/5/29,1027805448,＂忘川?2,3108781778,100首催眠秘诀：流行歌曲钢琴版,51336331,
777,2019/7/16,88480387,talent-?2,7093152108,站内弹幕999+的欧美节奏曲,13252507,
778,2020/6/14,2290996885,青昭.,0,7424768225,单曲循环的歌词里都是遗憾,3036083
779,2020/7/31,3263982911,不配得到?,0,7646494114,片段：满心欢喜到失望透顶?4886429,
780,2020/4/14,1.15292E+18,Sy.Fantcalty,0,7521981320,站内收藏量过百万的优质华?38401914,
781,2020/3/9,3042217590,不稀饭棉花糖の萝?0,7459592100,【免费下载】总有一首你钟意的粤语歌,9053354,
782,2017/7/12,3172628985,粉色de味蕾`,2,2370565162,「华语」最难以割舍的单曲循?31123493,
783,2020/9/13,979447500,草莓男孩,0,7710119458,ktv必点：包厢里唱出的多种情?1351437,
784,2020/10/8,3514040007,看?0,7504150326,伤感片段 | 你也失落了吗,4357420,
785,2020/10/10,2361627205,Rings of Saturn,0,7744688425,说唱新世?| 选手个人代表作品,687014
786,2018/2/24,1833834512,陈某?0,1459787674,刀郎的老歌,6702097,
787,2020/6/11,3047435079,晚?0,7015601644,深情翻唱：无一是你，无一不是?2122584,,
788,2020/7/15,1841347563,天份,0,7614366897,侠气古风 : 腰间两把刀！断和了,7164606
789,2020/7/29,728219464,樱岛麻衣,0,7558625838,丧：遗憾吗关于她,8822589
790,2017/10/20,214239241,蘋果樹de約定,0,1182456307,白噪音|雷雨，伴你入睡，享受自然界的音乐,10095251
791,2020/8/22,2836114038,玖陌,0,7687002675,精选戏腔：戏子入画，一生天?1648758,
792,2020/6/30,1357488878,情柔间眸.,0,7620450864,热度爆表！刷爆短视频的热?34447028,
793,2020/3/2,1924013694,颜词,2,7448905708,「超火BGM」你想要的在这里,19604863
794,2019/8/28,942973835,今日起消灭歌?0,7174017389,80记忆 | 前奏一出就想起往?5745994,,
795,2017/3/1,296497462,★★★★?0,1455281725,无损发烧车载HIFI试音?15791668,,
796,2016/11/2,3051877259,Prosperous?2,3535982902,美到窒息的轻音乐,12161158,
797,2018/8/23,1789364582,声音小镇Soundtown,0,4286466145,耳机煲机[第一阶段],3605077
798,2020/6/12,1873182795,尔听°,0,7596757493,粤语｜始终不可取替这亲切质感,6708251
799,2020/7/14,335604651,若愔.,0,7637628950,【古风】落花愔，相思不过远?7021113,
800,2017/3/5,1057027131,Trust,2,1153250853,欧美丨开头即副歌，一秒俘获你双?22526037,
801,2020/3/17,2758850637,WIN:D-ilmmwmhxf,0,7479806583,韩语melon热门精选‖上头警?2356282,
802,2020/7/24,3063745183,歌单达人,0,7643521400,钢琴丨治愈系音乐，宁静空?2009001,
803,2020/7/23,1.15292E+18,哇kakakaka,0,7648445473,要是一难过就能抱到你多?7277360,
804,2017/7/12,3434464849,Mark,2,3569246560,那些年，我们一起听过的周杰?26857858,
805,2020/10/5,1462330176,SUSPECT,0,7737876541,周深 | 天籁之音与ACG的清灵融?728948,
806,2020/4/26,3344705956,歌恋,0,7537828867,「BGM」瞬间起飞逆风翻盘起飞,4733232
807,2017/7/12,2933172352,勿挽旧人,2,1469897872,「典藏经典?0世纪华语金曲精?32059957,
808,2020/9/8,459725094,冷儿?0,7705968142,舒适减压：治愈耳朵舒服系音?2727075,,
809,2020/6/4,1453377869,可乐不乐,0,7588905815,粤语女声 | 百无一用是深情,2132103
810,2020/9/4,192267977,旧时?້໌?,0,7502602722,【伤感中文DJ】送我一杯忘情酒,6254266
811,2020/10/2,542340682,清泽俊秀（暂退?0,7735056290,青春岁月| 如果泪水有记?2815736,,
812,2020/9/29,2134718135,‭遇?0,7703801812,失望片段 | 被爱的人不用道歉,7113816,
813,2017/7/12,3549353852,续写年少时的?2,1469897660, 「民谣」送给自己的温?10248086,,
814,2020/9/24,1243702995,叶冰??0,7725260915,老歌‖忘记的歌名记住的高?2650130,,
815,2017/8/10,3470334301,南风轻语,2,1169460602,「华语?0后的青春纪念?21413763,
816,2015/6/19,945187827,念安?2,2864910544,运动健身必听歌曲,29629471,
817,2020/4/30,3539255130,dark,0,7544945995,特丧丨抑郁者勿?4987467,
818,2017/2/9,2086094330,蛋崽,0,851172026,纯音乐｜适合睡觉的安眠曲.,4831995
819,2017/8/10,3050614512,小芭love music,2,1471715951,听着粤语歌，在香港迷了路,7482242
820,2020/10/3,497697572,柠檬少年,0,7736300010,毛不易丨音乐诗人唱尽人间百?987834,
821,2020/8/14,945187827,念安?2,7677431156,伤感情歌：别以为你有多难?5072052,,
822,2020/4/10,1498030674,星野一,2,7515802168,偷心盗贼！抖音最火女声歌?49243522,
823,2020/3/5,1750649530,李律?0,7459981119,【电音】耳机党的超燃福利单曲,10511077,
824,2019/8/27,2063634880,隔壁路人都在?0,7174019073,回忆杀?0后的青春在MP3?10542864,,
825,2020/10/3,790992810,神秘?2,7736960644,全民K歌热门点唱最火中文歌,1480878,
826,2020/9/11,2641743954,?,0,7698865314,伤感 | 世界很宽孤独很满,1188192
827,2017/7/12,2055241314,故里有梦,2,2065383198,周杰伦最全Live大合?14247647,
828,2020/3/12,3158686117,舒昂?0,7469525551,原来有一首歌 真的能够听十?4016427,,
829,2016/10/20,296265619,权小?2,3499770793,那些年，我们曾抄过的歌词,28635618,
830,2020/6/10,2264793042,森兔,0,7596261659, 戏曲?| 一身清贫，怎敢入繁?3155436,
831,2020/9/10,3279923419,韶华东流,0,7711178055,听伤心情歌、能否唤起你爱的回忆,5791450
832,2020/9/12,467638189,蜜糖男孩,2,7713197902,王靖雯不胖：浅唱最痛的领悟,2610176
833,2020/3/5,3138960748,Lemon.,0,7448733889,古风 ：世事不过一场大?5252853,
834,2020/2/9,2297095896,景随?7,7419467158,悠悠草原风，豪放唱情?11177129,,
835,2020/9/28,1509623294,漪墨千點,0,7730059503,90后回忆笺 | 你是否会想起?5123235,
836,2017/4/10,593749019,关慕?2,3533408316,电音天才Alan Walker作品全收?18649683,,
837,2020/8/9,1873182795,尔听°,0,7670490103,短视频BGM｜动感十足抖起来?1852006,
838,2020/10/3,790992810,神秘?2,7736621015,短视频强势破圈热歌合集（持更?442607,,
839,2020/8/22,2830372369,无人区有人い,0,7678585060,经典典藏 | 听再多也不厌的老歌,1525744
840,2020/7/30,1923446402,⁣⁣⁣⁣,0,7657315127,粤语精?令你无法忘却的回?5375393,
841,2017/7/26,352503481,老年?0,1164657023,轻音乐，钢琴曲，纯音?40927419,,
842,2020/6/22,1126570844,吴景?0,7610040516,伤感｜情歌唱红尘，酒醉一生伤,8012958,
843,2020/5/27,3144485316,仄言_calm,0,7481854701,学习很枯燥，加点兴趣,6397682
844,2020/7/17,261740698,🦁云水月琪🌟,0,7636233090,80′s | 经典就是经久不衰,6070271
845,2017/8/10,3092816710,夏逝Depart ?2,874674982,「私藏英文」陪我度过漫长岁月的?13624508,,
846,2017/4/21,1834134569,毕业季王,0,3561102249,刀郎经典歌,7239285
847,2020/2/28,3428774265,Alice,0,6550622321,?舒缓欧美 」给生活加点?1726364,
848,2020/9/18,1357488878,情柔间眸.,0,7719392797,怀旧经典！让我们一起重拾记?1008827,
849,2019/8/26,2063634880,隔壁路人都在?0,7174018984,冷漠：情歌对唱精选歌?7260110,,
850,2019/6/26,2982854755,算法火星?2,7060350025,苦情?| 心在想你眼在流泪,20998700,
851,2020/9/13,3491139979,ʕ·͡ˑ·ཻ?0,7714410988,【温柔男嗓】只有和好没有如?839241,,
852,2020/4/12,3540334230,乐迪,0,6758221344,潮牌DJ舞曲 ?来自灵魂的拷?19571395,
853,2020/9/24,1522531377,PC12138,0,7725829709,300首华语金曲｜昨日红花今又开,41791299
854,2020/8/22,2722411508,说唱专区官方账号,0,7687765652,Free Out | 全是靠谱的小兄弟,81416
855,2020/9/25,1.15292E+18,莹火?0,7726094984,粤语热歌：好听到爆的粤语金曲?1512953,,
856,2020/9/27,1791747120,Serendipity,0,7728880824,【伤感华语】后来终究没有后?1594555,
857,2020/3/20,3287132100,赢在起跑?0,7483424306,《小猪佩奇?-6季中文原声故?9287320,,
858,2020/4/20,1950666740,★、╰?2,7530407537,DJ舞曲榜歌曲收?持更),37465224,
859,2020/8/24,2587278206,喵喵君仙998.47?次播?0,7690002111,古风女声控，优美旋律为你而来,1009625,
860,2017/7/26,3070783686,等待良人归~,2,2671455045,「华语精选」那些年你单曲循环过的旋?36330123,
861,2020/8/1,2277064172,琴锁今生@,0,1325548712,经典老歌｜把回忆酿成烈酒入喉,1548962
862,2019/6/28,2982854755,算法火星?2,7060350461,车载DJ | 车内嗨翻天，车外响遍?18305483,,
863,2020/9/1,1453377869,可乐不乐,0,7701663992,喜欢你，渐渐只是我的独家记忆,6698991
864,2020/9/2,3104417409,Q音音乐人,2,7702184967,古风精选丨春秋山河与岁月同?2302328,
865,2020/6/21,1242012453,自渡·,0,7608644303,钢琴?| 听安静治愈的旋律,2855120
866,2020/9/27,1750649530,李律?0,7728891950,午夜蹦迪必备 · 我是最靓的?2331412,,
867,2017/8/10,3432418715,西瓜撞地球?2,2372395808,「华语经典」老歌里是满满的回?32737671,,
868,2020/7/16,452775188,还不是因为你长得不好?2,7639593815,华语珍藏?0后KTV必点曲目,4692576,
869,2020/7/5,1441938062,错过的、再?0,7622426118,民谣精选：民谣里的爱情故事,5663945,
870,2020/5/29,2719188226,青青子衿,0,7581199837,助眠纯音?| 拯救失眠患?4028990,
871,2017/7/12,2069161301,花零?2,1167623725,「民谣」孤独的旅人，诗意的远方,18977895,
872,2019/10/11,2803448521,来点音乐续命,2,7228621673,草原情歌 | 骏马上的豪放柔情,4030640
873,2020/9/15,1816517060,K.,0,7716374345,【伤感】一个人偷偷听一个人流浪,1068489
874,2016/12/6,1729178127,TPS Tplayer,2,2939967105,一路上有你，致心中永远的学?2776440,
875,2019/11/24,1097940635,꧁এ虞七姑娘ོঞ?0,2378889986,一首歌承载着心底多少回忆和故?5328232,,
876,2020/8/28,2603652829,藤原ふじわら 千花ちか,0,7695268364,伤感片段：苦爱无果，心伤冷如?1591423,
877,2017/8/10,2826947545,Forever /,2,2372395412,「国摇入门」那些年少值得铭记的经?4811013,
878,2020/8/7,1147038828,草离?0,7667567006,劲爆DJ｜音乐一开，只管摇头嗨,20684181,
879,2020/8/12,3439774664,盼眄.,0,7674045078,华语伤感 : 还是没陪你走到最?36477614,
880,2019/9/17,3162951975,天天都放?2,7199069221,伤感情歌：把心门紧锁，再不触?2353891,,
881,2019/9/23,482219519,K先生的猫,2,7222826654,热歌向：你一定都爱听这些?58455193,
882,2020/5/16,452775188,还不是因为你长得不好?2,7565755059,收藏?00w+韩语热歌合集,14991770,
883,2020/6/30,497697572,柠檬少年,0,7620039834,庄心?| 跟随内心做自己的女王,4802217
884,2020/5/28,2845093106,顾玖?,0,7580207042,品茶之道，悠心古?| 巫娜,3243356
885,2017/7/12,3545474218,漂洋过海来看??,2,3267181388,「陈奕迅」请用心，听不要说话,23525532
886,2020/8/13,2456454417,微笑,0,7676434937,温柔女嗓丨一点一点占领你的心,3451102
887,2020/3/10,2085444145,阳光少年,0,7467921363,健身必备：免费下载的节奏BGM,8381627
888,2017/12/26,1182030515,旁白,2,3613980452,站内评论999+民谣歌曲,8606782
889,2020/6/7,2927431778,Apollo,0,7592417060,国粹戏腔｜曲尽人散，独唱戏还,6014604
890,2019/12/4,2297095896,景随?7,7326793550,青春校园记忆，回不去的昨?6113864,,
891,2020/6/27,2297095896,景随?7,7615273724,青春励志｜敢梦敢当，我辈自强,1671120,
892,2020/7/8,41556996,肖元?0,7630229758,经典粤语：少时记忆中的港台歌?2357946,,
893,2020/6/26,3282723161,🍃Ethereal?0,7615910374,「曼妙电音」任思绪在星河中遨游,396099,
894,2020/4/28,995702579,星空,0,7542447663,粤语精? 岁月如流不复?2622629,
895,2017/10/19,571909234,Seve7n Day Rock,2,2081165951,听歌测年龄！单曲循环过的都别装嫩?57787237,
896,2020/2/12,3202253026,凌然?0,3705423543,超燃电音|我独自一人处高峰,4015890,
897,2020/2/15,153309323,韩普?0,1655141970,「华语私藏馆」你与残局皆是遗憾,5658767,
898,2018/2/8,3083067593,冬天吃了秋天,2,3716447185,我好想学习啊！熬夜必备百首英?79688847,
899,2017/7/26,2955143385,晴天love,2,2372395482,「学习专用」写作业不分心的安谧纯音,21497763
900,2020/5/15,1.15292E+18,帅᭄᭄ꦿ,0,7562697445,不怕新歌出的多 就怕老歌配DJ,42106328
901,2017/5/5,1626194497,泡查音乐,2,2960651758,欧美成名曲珍藏版?一首歌爱上一个歌?29280927,
902,2020/8/15,1147038828,草离?0,7678252904,激动的心颤抖的手跟着节奏一起走,7247579,
903,2019/8/26,2063634880,隔壁路人都在?0,7174019428,苦情??心在想你眼在流泪,6091878,
904,2017/8/10,3092816710,夏逝Depart ?2,874673541, 燃烧吧脂肪，运动健身走起,11534032,
905,2020/5/27,945187827,念安?2,2858018649,张学友：歌神伴你度过的情歌岁?14984586,,
906,2020/3/11,345211567,Li供养,0,7469197010,站内评论1W+的流行歌?25225491,
907,2019/8/28,2138595535,你的歌单我承包了,0,7167575862,回忆金曲?0后KTV必点,9040727
908,2020/10/17,2446523656,幻菱,0,7750666971,【甜蜜情歌】因为有你，期盼余生,907918
909,2020/7/28,467638189,蜜糖男孩,2,7654534972,五条人乐队：国际范的“塑料味?1969789,
910,2019/12/12,2184870660,北城相拥-,0,7334948005,伤感情歌｜总有些歌听到想哭,14123699
911,2020/6/12,1.15292E+18,坠叶飘香,0,7192692099,【粤来香】甘醇似酒，韵味无穷?2151633,
912,2020/4/1,2017358605,Paper Rings,0,7468186936,实力女团，blink专属,4660336
913,2020/5/20,1498030674,星野一,2,7570659434,伍佰＆China Blue 精选集,4953845
914,2018/9/14,3248641960,MouYong LynLyn,0,4794747052,车载必备：无损粤语经?18681623,
915,2016/10/20,3462048437,有梦不难,2,2918729634,重温粤语经典好歌50?63665603,
916,2020/6/10,1371887665,楠羽.,0,7595923629,B站热门BGM：极致的听觉盛宴,6778817
917,2017/2/24,2817242089,雀斑少?..,2,3531269917,心跳乱了节奏 最爱林俊杰,22372712
918,2020/8/28,2505222405,Thousand.,0,7655302463,伤感／谁能够毫不妥协地活得轻?1004682,
919,2020/8/3,1.15292E+18,糖糖觅星?,0,7663072376,[韩语快歌] 提神醒脑必备,5579231
920,2020/1/8,1498030674,星野一,2,7373192968,伤感民谣丨都市青年深夜自愈法?2637357,
921,2020/8/27,1522531377,PC12138,0,7694482151,粤语众神：最动情是把我唱给你?1140799,
922,2017/8/10,2783670800,听听?2,874675225,「韩国」大势女团的人气代表?15777032,,
923,2019/4/25,517282940,梦醒时分,0,735097093,四百首粤语经典老歌  有很多双语版都有的歌,15928810
924,2020/4/13,1.15292E+18,Sy.Fantcalty,0,7157170508,3D环绕丨戴上耳机任它左右轰炸,1667411
925,2020/8/29,2722411508,说唱专区官方账号,0,7688087842,《说唱新世代》歌曲合?22506396,
926,2020/9/12,3255805880,辰兮 .,0,7687815897,片段 不确定的才会患得患失,19105290
927,2020/4/17,1837104394,是学姐吖,0,7526065605,抖音最新最热车载DJ合集,104436144
928,2017/8/10,3345119034,旧巷与猫,2,2067203923,「怀旧」属?5后的青葱岁月,21212152
929,2017/2/6,1614701077,Avicii,0,2949156952,华语|一听就爱上的旋?26211112,
930,2018/6/12,1600189472,HDM Fans,2,4159158106,一觉睡到自然醒！助眠柔缓纯?15335214,
931,2020/5/15,3037164132,邺欤,0,7537296535,[翻唱]短归短，好听也是真好听?28790309,
932,2020/10/16,1760878626,给你推荐最好的,0,7750253020,睡前治愈：灿烂星空不如美梦一?1558721,
933,2020/4/2,1950666740,★、╰?2,7503750109,全民K歌金曲榜歌曲收录(持更),44712027,
934,2016/11/2,2895785976,幻听,2,2638109131,别气馁，经典国语好歌为你加油,4689679
935,2017/4/11,945187827,念安?2,2869759650,50首钢琴曲伴你轻松入眠,68538240,
936,2020/5/20,2692156904,孟冬,2,7567475864,最大的勇气 ：你说分手，我说?4219209,
937,2019/4/23,1787384289,万年蹦野?0,6946776962,李宗?滚石精选集,12629777,
938,2020/9/22,1371887665,楠羽.,0,7724187323,热门车载音乐：一键驱走你的困?3899061,
939,2020/7/5,1.15292E+18,蒋云?0,7624635863,「回味老歌」那些怀旧的经典歌曲,6130817,
940,2020/1/22,3097158011,苏泽?0,7207429940,有人见到尘埃，有人见到星?1539555,,
941,2020/4/22,2259179931,月島,0,7513696064,『古风?绕指柔情 刹那芳华,2124939
942,2020/9/13,1453377869,可乐不乐,0,7713333137,后青春期的诗，回忆夸饰着伤感,6826396
943,2020/4/30,2310064106,Xixi_小兮兮兮兮兮a,0,7534661884,『伤感国语』你走了不再回头,1943218
944,2020/8/20,1454119853,夜熬?0,7582167934,流行伤感 | 音乐谱写爱情的心?1511510,,
945,2019/3/29,695636314,玄冬Bw,2,6887998535,谢谢爱过，余生各自安?40368017,
946,2020/4/27,361077359,芒果先生,0,7538599997,一健钟情：拾光诗人李健,3286076
947,2020/7/24,909791486,顾染💤（退?0,2629722368,欧美｜慎点！飙车专用动感音乐?1869548,,
948,2020/3/28,498877906,狗贼,0,7496715710,一曲李宗盛 · 抚摸女人温柔?3231543,
949,2020/2/26,3138960748,Lemon.,0,7447224642,怀旧：听经典老歌，感似水流年,14320078
950,2017/8/18,571909234,Seve7n Day Rock,2,2071394673,游戏高燃BGM：赛场夺冠必备！,32777578
951,2020/5/15,945187827,念安?2,7564256630,轻松向：这些抖音歌你一定听?19101578,,
952,2016/10/18,86010258,霜泧,2,3234547482,欧美｜月色氤氲迷?沉醉慵懒爵士,3670205
953,2020/9/24,115157407,长风,0,7725657454,【中文DJ】开启耳畔新世?5875154,
954,2020/10/14,1.15292E+18,一?0,7748396278,治愈?当阳光穿透乌?84359,,
955,2020/6/20,2692156904,孟冬,2,7608334342,是心动呀！耳边华语女声呢喃,25057801
956,2020/9/7,3104417409,Q音音乐人,2,7677523286,新歌巴士丨给你不间断的音乐能?1414499,
957,2020/8/23,2069428611,?0,7688612820,遗憾吗？我们就这样谁也不理谁?3536693,,
958,2020/9/21,1.15292E+18,香菇,0,7722797360,蹦迪嗨曲｜拥抱狂欢，放肆玩乐,1820473
959,2020/7/7,2315190116,颜陌,7,2596840472,热门车载DJ：放松紧绷的情绪,38422265
960,2020/7/10,2896444587,温柔,0,7632667276,「翻唱」那些温柔入骨的翻唱片段,9697961
961,2017/11/22,1367363703,秋水浮萍任飘?2,1786039591,『粤语男声』重温旋律，回味经典,69153428,
962,2020/4/15,3077344505,精彩华辉,0,7312068130,伤心的时候，真的可以听情?7272155,
963,2019/4/6,1972554042,z,0,5191446335,[超火BGM]热门歌曲捕捉?5464854,
964,2017/8/10,2176235807,狂奔的蚂?2,2968770800,「怀旧情怀」华语老歌的辉煌年?28428403,,
965,2017/5/26,1605570521,Liquor.,0,1157503878,纯音乐钢琴曲:刷题必备 失眠良药,4425565
966,2020/10/9,2562406741,Vuxa,0,7743173298,节奏BGM：鼓点遇上绝妙旋?2218594,
967,2020/8/30,3077344505,精彩华辉,0,7698826019,「怀旧流行」都是青春的回忆?1699282,
968,2019/9/18,2298105529,我又可以?2,7199053194,【华语精选】岁月沉淀的佳?7963341,,
969,2020/8/12,459725094,冷儿?0,7675011649,经典 | 老歌最有味！我们永?8,9253894,
970,2020/4/10,1498030674,星野一,2,7515801746,听了都说好！抖音最火男声歌?22769435,
971,2018/2/7,1079096147,超级?2,3714823663,聚会必点：粤语K歌精?15738960,,
972,2019/8/30,327561642,半生.,0,1471879820,猜你在找｜超火短视频配乐BGM,9715196
973,2020/2/25,1047366248,逆夏,2,7445724396,节奏感！快手咕咚版歌曲收?30432360,
974,2017/8/10,3503348355,不问明天有多?2,2372393367,「华语经典」熟悉的旋律，重拾你的回?19206664,,
975,2020/9/19,1335031853,_,0,7720311890,温柔点吧，这个世界已经够浮躁?1030945,
976,2019/7/22,2829205395,Da,0,6548597900,清歌一曲，相思入?2618722,
977,2020/3/5,2653276649,薄意曲声?0,3651278957,抖音:别问问就是单曲循?36386315,,
978,2020/10/13,508312226,颜瑟.,0,7747412613,【极致纯音】闲暇午后的慵懒小调,121661
979,2020/3/5,64161311,朩朩青尘,0,7459736343,100个悲伤瞬间，有没有你的心?13026689,
980,2020/4/12,995591305,　,0,2356912838,「欧美向」一听上?一见心?35907013,
981,2020/10/10,1.15292E+18,逍遥?0,7744380230,车载音乐‖出行路上一键提神解?383330,,
982,2019/11/22,2174875328,Kobayashi,2,7308076487,伤感情歌｜感谢你曾经来过,21836565
983,2017/2/20,544169694,?s   ?2,2049487225,老歌情怀，像一把撒在伤口上的盐,19081959,
984,2020/6/6,497697572,柠檬少年,0,7590468156,创作能手 | 祁隆作曲精?4139131,
985,2020/8/30,976006064,whosethatcat,0,7698622759,华语06-10｜后青春期的回忆,41466322
986,2020/8/10,1811930154,Mamba,0,7672164921,深情翻唱，热门歌曲超赞高?3436820,
987,2020/5/15,751770551,Niko林倾顔yu-,0,7563347543,欧美极致踩点：单曲循环不要停,4280975
